Name,State,Region/Service Area,Geographic Context,Operator,System Type,Technology Vendor,Booking Method(s),Scheduling Window,Fare,Service Hours,Launch Year,Funding Source,Status/Maturity,Fleet,Ridership/Performance Notes,Website URL,Latitude,Longitude,Source
GoDurham Connect,NC,North Durham and East Durham zones,Urban,GoDurham,Microtransit,Via,"App, Web portal, Phone",Same-day,Free,Not specified,Not specified,Not specified,Active,Not specified,Future goal of 300 passenger trips per month.,https://godurhamtransit.org,36.03,-78.9,Original database
Morrisville Smart Shuttle,NC,Town of Morrisville (node-based),Suburban,GoCary (Tech by Via),Microtransit,Via,"App, Desktop application",Same-day,Free,Not specified,2021,"Federal, Local",Active,Not specified,"Provided over 89,000 rides from Oct 2021 through 2025.",https://www.townofmorrisville.org,35.83,-78.83,Original database
GoWake SmartRide NE,NC,"Rolesville, Wendell, Zebulon (Northeast Wake County)",Rural,GoWake,Microtransit,Uber,"Uber app, Phone",Same-day,Not specified,Not specified,Not specified,Not specified,Active,Not specified,Connects rural areas to larger transit networks.,https://gowake.org,35.87,-78.4,Original database
Johnston Quick Ride (JCATS),NC,Smithfield and Selma area,Rural,Johnston County Area Transit System,Microtransit,Not specified,Smartphone app,Same-day,Not specified,Not specified,Not specified,State (MEE-NC),Active,Not specified,"Part of the MEE-NC initiative. [NTD 2024: parent agency reported 120,984 total trips across all modes, 29 peak vehicles agency-wide; on-demand share is a subset]",https://www.johnstoncountync.org/transit,35.51,-78.34,Original database
RTP Connect,NC,Research Triangle Park (RTP),Suburban,GoTriangle and RTP,Microtransit,Not specified,Not specified,Same-day,Not specified,Not specified,Not specified,Not specified,Active,Not specified,Collaborative on-demand service.,https://www.rtp.org,35.9,-78.86,Original database
Orange County MOD,NC,Orange County,Rural,Orange County,Microtransit,Not specified,Not specified,Same-day,Not specified,Not specified,Not specified,Not specified,Active,Not specified,"On-demand service operating in the county. [NTD 2023: parent agency reported 29,279 total trips across all modes, 21 peak vehicles agency-wide; on-demand share is a subset]",Not specified,36.07,-79.1,Original database
Burke County Micro-Transit,NC,"Morganton, Drexel, Valdese, Rutherford College",Rural,Greenway Public Transportation (WPRTA),Microtransit,Not specified,Phone,Same-day,$2.50 (Cash),Not specified,2024,Not specified,Active - Post Pilot,Not specified,"Provided over 5,000 trips in its 2024 trial year.",https://greenwaypta.org,35.74,-81.68,Original database
Caldwell County Micro-Transit,NC,Lenoir and Hudson,Rural,Greenway Public Transportation (WPRTA),Microtransit,Not specified,Phone,Same-day,$2.50 (Cash),Not specified,Not specified,Not specified,Active,Not specified,"Part of the Greenway system which provides 250,000 boardings annually.",https://greenwaypta.org,35.91,-81.54,Original database
Wilson RIDE,NC,City of Wilson,Urban,City of Wilson (Tech by Via),Microtransit,Via,"App, Phone",Same-day,Not specified,Not specified,2021,Federal (AIM Grant),Active,Not specified,"Monthly rides grew 58% from 9,000 (Mar 2021) to 14,200 (Feb 2022).",https://www.wilsonnc.org,35.72,-77.92,Original database
RideMICRO,NC,"5 zones in New Hanover, Pender, and Brunswick counties",Suburban,Wave Transit,Microtransit,Not specified,"App, Web portal, Phone",Same-day,$2.00,Not specified,2022,Not specified,Active,Not specified,"1,730 passengers in June 2024; daily passengers up 800% since 2022 launch. [NTD 2024: parent agency reported 715,814 total trips across all modes, 44 peak vehicles agency-wide; on-demand share is a subset]",https://wavetransit.com/ridemicro,34.23,-77.95,Original database
GREAT+,NC,Designated zone in Greenville,Urban,Greenville Area Transit (GREAT),Microtransit,Not specified,Not specified,Same-day,Free,Not specified,Not specified,Not specified,Active,Not specified,Serves an area previously covered by a fixed route.,https://greatgreenville.com,35.61,-77.37,Original database
Buzzline,NC,Designated area in Sanford/Lee County,Rural,COLTS Transportation,Microtransit,Not specified,Not specified,Same-day,Not specified,Not specified,Not specified,State (NCDOT),Pilot,Not specified,Pilot program supported by NCDOT.,Not specified,35.48,-79.18,Original database
GoGastonia,NC,City of Gastonia,Urban,"River North Transit, LLC (Tech by Via)",Microtransit,Via,"App, Phone",Same-day,Regular: $2.50 / Reduced: $1.25,Not specified,2024,Not specified,Active,22 minivans · incl. 6 WAVs (Via-operated),"Launched July 2024, replaced all fixed-route buses.",https://gogastonia.com,35.26,-81.19,Original database
JUMP Transit,NC,"NoDa, Optimist Park, Villa Heights, Howie Acres (Charlotte)",Urban,JUMP Transit,Microtransit,Proprietary,Website,Same-day,$3.00,Not specified,Not specified,Private,Active,Not specified,Private service focused on connecting popular neighborhoods.,https://jumptransit.com,35.24,-80.81,Original database
PART On-Demand,NC,Zone around Piedmont Triad International Airport (GSO),Suburban,Piedmont Authority for Regional Transportation (PART),Microtransit,Not specified,"App, Phone",Same-day,"Umo App/Card, Credit Card",Not specified,Not specified,Not specified,Active,Not specified,"Ridership grew from 60,110 in 2023 to 72,661 in 2025.",https://partnc.org,36.1,-79.94,Original database
HPTSGo!,NC,Northwest High Point zone,Urban,High Point Transit System,Microtransit,Not specified,Phone,Same-day,$2.50 (Umo App/Card),Not specified,Not specified,Not specified,Pilot - Ended,Not specified,"Pilot ran through March 2026; no public data released. [NTD 2024: parent agency reported 532,979 total trips across all modes, 18 peak vehicles agency-wide; on-demand share is a subset]",Not specified,35.96,-80.01,Original database
YVEDDI GOTransit,NC,"Davie, Stokes, Surry, and Yadkin counties",Rural,YVEDDI,Demand-Response,Not specified,"Phone, Website, App",Advance,Not specified,Not specified,Not specified,Not specified,Active,Not specified,Serves a four-county rural area.,https://yveddi.com/gotransit,36.13,-80.66,Original database
Kerr Area Regional Transit (KARTS),NC,"Vance, Warren, Franklin, and Granville counties",Rural,KARTS,Demand-Response,Not specified,Not specified,Advance,Not specified,Not specified,Not specified,State (MEE-NC),Active,Not specified,Part of the MEE-NC initiative to expand on-demand services.,https://karts.org,36.33,-78.4,Original database
Tar River Transit RGP,NC,Rocky Mount and surrounding counties,Rural,Tar River Transit,Demand-Response,Not specified,Phone (advance booking),Advance,Not specified,Not specified,Not specified,"Federal, State",Active,Not specified,Rural General Public demand-response service.,https://tarrivertransit.org,35.94,-77.8,Original database
Arlington Transportation (Via),TX,City of Arlington (citywide),Urban,City of Arlington (Tech by Via),Microtransit,Via,"App, Phone",Same-day,$3.00,"Mon–Fri 6am–9pm, Sat 9am–9pm",2017,Local,Active,~90 vehicles · Toyota Sienna hybrid-electric minivans (6-pass); AV fleet of 4 Lexus RX450h + 1 Polaris GEM WAV,Ridership increased tenfold since launch; ~70 vans citywide. First U.S. city to replace fixed-route service entirely with on-demand.,https://city.ridewithvia.com/arlington,32.74,-97.11,Original database
Houston Community Connector,TX,"Second Ward, Third Ward, The Heights, Downtown Houston",Urban,Evolve Houston / Houston Metro,Microtransit,Ride Circuit,Ride Circuit app,Same-day,Free,Not specified,2023,"Federal, Local (Houston Metro)",Active - Expanding,19 EVs · Electric vans (grew from 2),Fleet grew from 2 to 19 EVs; 46% of trips connect to METRO transit stops.,https://www.ridemetro.org,29.76,-95.37,Original database
Tyler Transit MicroTransit,TX,City of Tyler (3 zones),Urban,Tyler Transit,Microtransit,Tyler Transit app,"App, Phone",Same-day,$1.00,"Mon–Fri 6am–7:30pm, Sat 9am–5:30pm",2025,Local,Active,Not specified,"Full conversion from fixed-route service to citywide microtransit in January 2025. [NTD 2024: 220,957 annual trips, 28 peak vehicles]",https://tylerbus.org,32.35,-95.3,Original database
Sugar Land On-Demand,TX,"Designated zone in Sugar Land (~43,000 residents)",Suburban,City of Sugar Land (Tech by Via),Microtransit,Via,"Sugar Land On-Demand app, Phone",Same-day,~$2.00,Not specified,2024,"Federal (CMAQ), Local (Fort Bend County)",Active,Not specified,"42,934 trips in first year; 4.9/5 average rider rating.",https://www.sugarlandtx.gov/2792/Microtransit-Pilot-Project,29.62,-95.63,Original database
DCTA GoZone,TX,"Denton, Highland Village, Lewisville",Suburban,Denton County Transportation Authority (Tech by Via),Microtransit,Via,"GoZone app, Phone",Same-day,Not specified,Not specified,2021,"Federal, Local",Active,Not specified,"~3,000 weekly riders; average 16-minute wait time.",https://www.dcta.net/getting-around/gozone,33.21,-97.13,Original database
GoZone Frisco,TX,Frisco (~21 sq miles),Suburban,Denton County Transportation Authority (DCTA),Microtransit,Via,"GoZone app, Phone",Same-day,$3.00–$5.00,Mon–Fri 6am–6pm,2026,"Federal, Local (City of Frisco)",Active - New,Not specified,Approved under $15M contract through 2029; connects to DART park-and-ride.,https://www.dcta.net,33.15,-96.82,Original database
Trinity Metro On-Demand,TX,Multiple zones in Fort Worth/Tarrant County,Urban,Trinity Metro (Tech by Via),Microtransit,Via,"Trinity Metro On-Demand app, Phone",Same-day,Integrated local fare,Not specified,Not specified,Local,Active,Not specified,"Multiple zones including Mercantile, North Side, Southeast; integrated with TEXRail commuter rail.",https://ridetrinitymetro.org/on-demand,32.75,-97.33,Original database
Cavazos Connector,TX,"Fort Cavazos + Killeen, Temple, Belton, Copperas Cove, Harker Heights",Mixed (Military/Urban),Hill Country Transit District / US Army,Microtransit,Not specified,App,Same-day,"Free (military/DOD), $2.00 civilian",Not specified,2024,Federal (Dept. of Army),Active,Not specified,"~40,000 passengers/month; only microtransit on a continental US Army installation.",https://www.hillcountrytransit.org,31.12,-97.73,Original database
REAL Microtransit (Rockport/Fulton),TX,Rockport/Fulton area (9-county rural district),Rural,Rural Economic Assistance League (REAL),Microtransit,Not specified,Not specified,Same-day,Not specified,Not specified,Not specified,"Federal, State",Active,Not specified,Part of broader rural demand-response network; connects to Corpus Christi.,https://www.realcap.org/transportation,28.02,-97.05,Original database
DART GoLink,TX,"34 zones across 700 sq mi DART service area: Dallas, Plano, Richardson, Garland, Rowlett, Irving, Farmers Branch, Duncanville, DeSoto, Cedar Hill, Mesquite, and more",Urban,Dallas Area Rapid Transit (DART); operated by Transdev since Oct 2024,Microtransit,Spare,"GoPass app, Phone (214-979-1111)",Same-day,Standard DART fare (covered by valid DART pass or GoPass card); Uber option available for shorter waits,Mon–Sun (hours vary by zone),2017,"Local (DART), Federal",Active - Expanding,Not specified · Mix of DART agency vans (Transdev-operated) and Uber vehicles,"North America's largest microtransit operation. Launched 2017 in 4 zones; grew to 34+ zones. 925,000 rides in FY2023. Reduces route subsidy by up to 43% vs. fixed routes. Uber integrated into GoPass app 2024. New Transdev $602M contract (Oct 2024) brought full fleet refresh.",https://www.dart.org/guide/transit-and-use/golink,32.77,-96.9,Original database
Denver Connector,CO,"Montbello, Gateway, Globeville, Elyria-Swansea, West Denver (expanding)",Urban,City and County of Denver,Microtransit,Via,"App, Phone",Same-day,Free,Not specified,2021,"Local, RTD",Active - Expanding,Not specified,"Expanded from pilot to mature program in 2024; new $6M contract adds Villa Park, Barnum, Westwood, Ruby Hill.",https://www.denvergov.org/connector,39.78,-104.88,Original database
Link on Demand (Lone Tree),CO,Lone Tree and Meridian,Suburban,City of Lone Tree (Tech by Via),Microtransit,Via,"App, Phone",Same-day,Free,Not specified,2018,Local,Active,Not specified,One of Colorado's earliest microtransit deployments; expanded to Meridian in 2024.,https://lonetreeco.gov,39.53,-104.87,Original database
Highlands Ranch Microtransit,CO,"Highlands Ranch, Douglas County",Suburban,Douglas County (Tech by Via),Microtransit,Via,"App, Phone",Same-day,Free,Not specified,2025,Local ($2.9M contract),Active - New,Not specified,Launched spring 2025; focused on mobility for older adults.,https://www.douglas.co.us,39.55,-104.97,Original database
RTD FlexRide,CO,"17 zones across Denver metro: Brighton, Broomfield, Broomfield North, DTC, Evergreen, Federal Heights, Golden, Green Mountain, Interlocken/Westmoor, Longmont, Louisville, Parker, Platte Valley, South Jeffco, Superior, Thornton, Wagon Road",Suburban,Regional Transportation District (RTD),Microtransit,RTD FlexRide app,"RTD FlexRide app, RTD website, Phone",Same-day (min 10 min advance),Standard RTD fare (~$2.75),Mon–Fri 5:30am–7pm (varies by zone),Not specified,Local (RTD),Active,Not specified,17 zones consolidated over time; DTC FlexRide merged 8 southeast zones into one in Feb 2026. First/last-mile connector to RTD rail and Park-n-Rides.,https://www.rtd-denver.com/routes-services/other-services/flexride,39.73,-104.95,Original database
RIDE Longmont,CO,City of Longmont,Urban,City of Longmont (Tech by Via),Microtransit,Via,"RIDE Longmont app, Phone",Same-day,$2.00 ($1.00 students/seniors/disabled),"Mon–Sat 6am–8pm, Sun 9am–5pm",2024,"Federal (Community Project Funding $1M), Local (RTD $450k)",Active,Not specified,"Launched Dec 9, 2024; over 10,000 rides in first few months; free for first month. Fills RTD coverage gaps and provides first/last-mile connections.",https://longmontcolorado.gov/ride-longmont,40.17,-105.1,Original database
DuranGO! Microtransit,CO,City of Durango (city limits),Urban,City of Durango / Durango Transit,Microtransit,Not specified,DuranGO! app,Same-day,$2.00 ($1.00 seniors/disabled); Fort Lewis College students free,Daily 5pm–Midnight,2023,State (CDOT grant),Active,Not specified,"Launched Oct 18, 2023; evening and outdoor recreation service. DuranGO! Outside added summer 2025 for rides to trailheads and parks (10am–6pm, June–Sept).",https://www.durangoco.gov/1724/DuranGO-Microtransit,37.28,-107.88,Original database
Ride Free Lafayette,CO,City of Lafayette (with service to Kestrel community in Louisville),Suburban,Boulder County Transportation,Microtransit,Ecolane,"Ride Free Lafayette app, Online, Phone",Same-day (advance up to 30 days),Free,Mon–Sun 7am–8pm,2020,"Local (DRCOG grant, Boulder County Trails & Transit sales tax)",Active,Not specified,"Free, door-to-door service open to all; no trip limits. Funded through successive grant cycles since 2020.",https://bouldercounty.gov/transportation/multimodal/ride-free-lafayette/,39.99,-105.09,Original database
Erie Bee,CO,Town of Erie,Suburban,Town of Erie (Tech by Via Mobility Services),Microtransit,Spare,"Erie Bee app, Phone",Same-day (advance up to 7 days),Free,Not specified,2026,Local (DRCOG grant),Active - New,Not specified,"Launched April 21, 2026; free shared rides within Erie service zone. Most trips completed in under 30 minutes.",https://www.erieco.gov/2626/The-Erie-Bee,40.05,-105.05,Original database
Metro Flex,WA,Multiple zones across King County (~100 sq mi),Suburban,King County Metro (Tech by Via),Microtransit,Via,"Metro Flex app, Phone",Same-day,Bus fare (~$2.75),Not specified,2023,Local (King County Metro),Active,Not specified,"Nearly 30,000 rides in March 2024, a 20% year-over-year jump; unified three prior microtransit pilots (Via to Transit, Pingo, Community Ride).",https://kingcounty.gov/metro/flex,47.5,-122.1,Original database
Zip Shuttle (Community Transit),WA,"Alderwood (Lynnwood), Arlington, Darrington, Lake Stevens (Snohomish County)",Suburban,Community Transit,Microtransit,Not specified,"Zip app, Phone",Same-day,$2.50 or less,Not specified,2022,Local (Community Transit),Active,Not specified,"Surpassed 50,000 boardings in Alderwood zone; three new pilot zones added in late 2024 (Arlington, Darrington, Lake Stevens).",https://www.communitytransit.org/services,47.82,-122.22,Original database
Clallam Transit Interlink,WA,"Sequim (central ~3 sq mi) and Forks (central ~3 sq mi), Clallam County",Rural,Clallam Transit System,Microtransit,The Routing Company,"Interlink app, Phone",Same-day (up to 2 hrs advance),Same as fixed route,Same as replaced fixed routes; expanded Sat service in Sequim,2022,Local,Active,Not specified,Replaced Routes 17 (Forks) and 40 (Sequim); ridership in Forks up 333% in July 2024 after going fare-free; first 7 months of 2024 exceeded last 10 years of ridership.,https://www.clallamtransit.com,48.08,-123.43,Original database
SouthWest Prime,MN,"Eden Prairie, Chanhassen, Chaska, Victoria, Carver (+ select zones incl. MSP Airport, MOA)",Suburban,SouthWest Transit,Microtransit,May Mobility,"SW Prime app, Phone",Same-day,$5.00 ($2.50 seniors/TAP),Not specified,Not specified,Local,Active,Not specified · May Mobility autonomous vehicles (late 2024 pilot),"Named 2024 Minnesota Transit System of the Year; launched first autonomous microtransit in the Twin Cities in late 2024 with May Mobility. [NTD 2024: parent agency reported 537,877 total trips across all modes, 42 peak vehicles agency-wide; on-demand share is a subset]",https://www.swtransit.org,44.85,-93.45,Original database
Metro Transit Micro,MN,"North Minneapolis, Roseville, Woodbury, Bloomington, Blaine",Suburban,Metro Transit (Metropolitan Council),Microtransit,Spare,"Metro Micro app, Phone",Same-day,Standard Metro Transit fare (~$2.00),"Weekdays 5:30am–10:30pm, Weekends 7am–10:30pm",Not specified,Local (Metropolitan Council),Active - Expanding,~5 vehicles · ADA-accessible smaller transit vans (Spare platform),"Ridership jumped 180% in 2025 to over 120,000 after expanding to Roseville, Woodbury, Bloomington, and Blaine. Switched to Spare platform Nov 2024 with 96% on-time performance.",https://www.metrotransit.org/micro-project,45.02,-93.22,Original database
MVTA Connect,MN,"Apple Valley, Burnsville, Rosemount, Savage (Zone 1); Eagan (Zone 2); Prior Lake, Shakopee (Zone 3)",Suburban,Minnesota Valley Transit Authority (MVTA),Microtransit,Not specified,RideMVTA app,Same-day,$3.00,Daily 6am–9pm,Not specified,Local,Active,Not specified · EV minibuses,Fleet of EV minibuses; covers three distinct zones across southern Twin Cities suburbs.,https://www.mvta.com,44.73,-93.22,Original database
Maple Grove My Ride,MN,"Maple Grove (+ parts of Osseo, Brooklyn Park, Brooklyn Center; connections to Robbinsdale and Plymouth Transit Centers)",Suburban,Maple Grove Transit,Microtransit,Not specified,"My Ride app, Web portal, Phone",Same-day,$3.00 (10-ride pass $20),Not specified,Not specified,Local,Active,Not specified,"On-demand rideshare serving Maple Grove and surrounding suburbs. [NTD 2024: 39,563 annual trips, 10 peak vehicles]",https://www.maplegrovemn.gov/transit,45.07,-93.46,Original database
Plymouth Click-and-Ride,MN,"Plymouth (+ Ridgedale, Colonial Square, Golden Valley Center; connections to Maple Grove Transit Station)",Suburban,Plymouth Metrolink,Microtransit,Not specified,"Click-and-Ride app, Phone",Same-day,$3.00,"Mon–Fri 5am–8:30pm, Sat 6am–6:30pm, Sun 6am–5pm",Not specified,Local,Active,Not specified,"On-demand service within Plymouth with connections to Maple Grove Transit Station. [NTD 2024: parent agency reported 212,969 total trips across all modes, 21 peak vehicles agency-wide; on-demand share is a subset]",https://www.plymouthmn.gov/transit,44.97,-93.46,Original database
Ride Gwinnett Microtransit,GA,"Snellville, Lawrenceville, Norcross (Gwinnett County)",Suburban,Gwinnett County Dept. of Transportation,Microtransit,RideCo,"Ride Gwinnett app, Phone",Same-day,$3.00,Mon–Sat 6am–8pm,Not specified,Local,Active,Not specified,Expanded to Norcross/Gateway85 CID in September 2024; county aims for 100% transit coverage via microtransit.,https://www.gwinnettcounty.com/government/departments/transportation/gwinnett-county-transit/microtransit,33.96,-84.02,Original database
Via Jersey City,NJ,Jersey City (citywide),Urban,City of Jersey City (Tech by Via),Microtransit,Via,"Via app, Phone",Same-day,$2.00,Not specified,2020,Local,Active,~26+ vehicles · Mix of Mercedes Metris vans and Kia Niro EVs,Surpassed 2 million rides as of Jan 2024; 80% of rides serve people of color; 60% serve low-income residents. Blueprint for city-run microtransit.,https://ridewithvia.com/jersey-city,40.72,-74.07,Original database
MicroLink (NJ Transit),NJ,Monmouth County and Bergen County zones,Suburban,NJ Transit (Tech by Via),Microtransit,Via,"MicroLink app, Phone",Same-day,Free (pilot),Weekdays,2026,Federal (COVID relief grant $7M),Active - New,Not specified,"Launched April 6, 2026 as a two-year pilot; first-mile/last-mile connector to NJ Transit bus network.",https://www.njtransit.com,40.3,-74.2,Original database
CTDOT Microtransit Pilots – SEAT (SE Connecticut),CT,"Groton, New London, Stonington, Waterford (Southeastern Connecticut)",Suburban,Southeast Area Transit District (SEAT),Microtransit,Not specified,"App, Phone",Same-day,$3.00,Varies by zone; eve/weekend focus,2024,State (CTDOT $19.5M program),Active,Not specified,"Four zones launched under CTDOT statewide pilot: Groton, New London, Stonington HOP, and Waterford. Builds on existing SEAT New London Smart Ride service. [NTD 2024: parent agency reported 1,065,778 total trips across all modes, 29 peak vehicles agency-wide; on-demand share is a subset]",https://portal.ct.gov/dot/travel-gateway/public-transportation/microtransit-pilot-program,41.38,-72.1,Original database
CTDOT Microtransit Pilot – Norwalk Transit,CT,City of Norwalk,Urban,Norwalk Transit District,Microtransit,Not specified,"App, Phone",Same-day,Not specified,Not specified,2024,State (CTDOT $19.5M program),Active,Not specified,Part of CTDOT statewide pilot; Norwalk Transit also operates pre-existing Wheels 2U Norwalk and Wheels 2U Westport services.,https://portal.ct.gov/dot/travel-gateway/public-transportation/microtransit-pilot-program,41.12,-73.4,Original database
gbt connect (Trumbull),CT,Town of Trumbull,Suburban,Greater Bridgeport Transit (GBT),Microtransit,RideCo,"RideCo app, Web, Phone",Same-day,$4.00,Daily 6am–8pm,2024,State (CTDOT),Active,Not specified,Launched July 2024; connects to GBT fixed routes and Metro-North Railroad.,https://portal.ct.gov/dot/travel-gateway/public-transportation/microtransit-pilot-program,41.24,-73.2,Original database
GHTD Link (Enfield/East Windsor),CT,Enfield and portions of East Windsor,Suburban,Greater Hartford Transit District,Microtransit,Not specified,"App, Phone",Same-day (advance up to 3 days),$3.00,"Mon–Sat 8am–6pm, Sun Noon–6pm",2024,State (CTDOT),Active,Not specified,Launched April 2024; connects to CTtransit Route 905 at Enfield Square Park & Ride.,https://portal.ct.gov/dot/travel-gateway/public-transportation/microtransit-pilot-program,41.98,-72.59,Original database
VTD2GO (Valley Transit District),CT,"Ansonia, Derby, and parts of Shelton",Suburban,Valley Transit District,Microtransit,Not specified,VTD2GO app,Same-day,$2.00 (first ride free),Mon–Fri 5:30pm–11:30pm,2024,State (CTDOT),Active,Not specified,"Evening-only service launched April 2024; connects to Ansonia Train Station. [NTD 2024: 43,026 annual trips, 12 peak vehicles]",https://portal.ct.gov/dot/travel-gateway/public-transportation/microtransit-pilot-program,41.34,-73.07,Original database
Milford Micro,CT,City of Milford,Suburban,Milford Transit,Microtransit,Not specified,"App, Phone",Same-day,$3.00,"Mon–Thu 6pm–Midnight, Fri–Sat 6pm–1am, Sun 8am–6pm",2024,State (CTDOT),Active,Not specified,"Connects to Metro-North New Haven Line, CT Post Mall, state parks, beaches, and medical facilities. [NTD 2024: parent agency reported 255,594 total trips across all modes, 11 peak vehicles agency-wide; on-demand share is a subset]",https://portal.ct.gov/dot/travel-gateway/public-transportation/microtransit-pilot-program,41.23,-73.06,Original database
StamFORWARD (Stamford),CT,City of Stamford,Urban,City of Stamford,Microtransit,Not specified,"App, Phone",Same-day,$1.75,Daily 7am–7pm,2024,State (CTDOT),Active,4 electric vehicles,"Launched November 19, 2024; part of CTDOT statewide pilot. Fleet includes 4 electric vehicles.",https://portal.ct.gov/dot/travel-gateway/public-transportation/microtransit-pilot-program,41.05,-73.54,Original database
Via NHV (New Haven),CT,City of New Haven,Urban,City of New Haven / CTDOT (Tech by Via),Microtransit,Via,"Via NHV app, Phone",Same-day,$1.75 (seniors/low-income $0.85),Daily 7am–7pm,2025,State (CTDOT $3M+),Active,Not specified,Connecticut's 9th microtransit pilot; part of statewide $19.5M program.,https://portal.ct.gov/dot/travel-gateway/public-transportation/microtransit-pilot-program,41.31,-72.92,Original database
River Valley Transit Microtransit,CT,"Madison, Guilford, and portions of East Hampton and Middletown",Rural,River Valley Transit (Estuary Transit District),Microtransit,Not specified,"App, Phone",Same-day,Not specified,Not specified,2024,State (CTDOT),Active,Not specified,Part of CTDOT statewide pilot; River Valley Transit also operates pre-existing XtraMile on-demand service.,https://portal.ct.gov/dot/travel-gateway/public-transportation/microtransit-pilot-program,41.46,-72.62,Original database
COTA Plus,OH,8 zones across Columbus/Franklin County (expanding),Urban,Central Ohio Transit Authority (COTA),Microtransit,Via,"COTA app, Phone",Same-day,Bus fare,Not specified,Not specified,"Local (voter-approved $8B LinkUS ballot measure, 2024)",Active - Expanding,Not specified,2024 voters approved $8B LinkUS plan including 8 new COTA Plus on-demand zones alongside BRT.,https://www.cota.com/cotaplus,39.96,-82.99,Original database
Chula Vista Senior Microtransit,CA,City of Chula Vista,Suburban,City of Chula Vista (Tech by Circuit),Microtransit,Ride Circuit,Circuit app,Same-day,Free,Not specified,2022,Local,Active,Not specified,Senior-focused service (riders 55+); serves a fast-growing city with significant senior population growth projected.,https://www.chulavistaca.gov/transportation,32.64,-117.08,Original database
FlexRide Milwaukee,WI,North and northwest Milwaukee region,Urban,Milwaukee County Transit System (MCTS),Microtransit,Not specified,"App, Phone",Same-day,Not specified,Not specified,2022,"Federal, Local",Active,Not specified,"Celebrated its 50,000th ride in early January 2024; expanded reach with new service provider.",https://www.rideMCTS.com,43.08,-87.98,Original database
Sioux Falls On-Demand,SD,"Sioux Falls (citywide, integrated with fixed-route)",Urban,Sioux Falls Transit (Tech by Via),Microtransit,Via,"App, Phone",Same-day,Bus fare,Not specified,Not specified,Local,Active,Not specified,Cited as a national model for integrating on-demand and fixed-route transit; reimagined entire transit network with both modes.,https://www.siouxfalls.org/transit,43.55,-96.73,Original database
MARTA Reach,GA,"12 zones: West Atlanta, Kirkwood/Candler Park, County Line, Lakewood, Oakley Industrial, Fulton Industrial, East Point, Hillandale, Candler-McAfee/Belvedere Park, Cedar Grove, Gresham Park, North Fulton",Urban,Metropolitan Atlanta Rapid Transit Authority (MARTA),Microtransit,Not specified,"MARTA Reach app, Phone",Same-day,$2.50,Daily 18 hrs/day (7 days/week),2026,Local (MARTA),Active - New,Not specified · Ford Starcraft ADA-accessible vans (12 zones),"Launched March 7, 2026 as part of MARTA's NextGen Bus Network redesign. Replaces underperforming fixed bus routes in 12 zones; connects to MARTA rail and bus. Fleet of Ford Starcraft ADA-accessible vans.",https://itsmarta.com,33.75,-84.39,Original database
Camden Loop,NJ,City of Camden,Urban,Camden Community Partnership (Tech by Via),Microtransit,Via,Camden Loop app,Same-day,$2.00,Not specified,2023,Private/Nonprofit (Camden Community Partnership),Active,Not specified,"Surpassed 46,000 rides in first year; 44% of riders use it to commute to work. Connects to Ferry Avenue Station and regional transit.",https://city.ridewithvia.com/camden-loop,39.93,-75.12,Original database
Middlesex County RIDE On Demand,NJ,"New Brunswick, North Brunswick, East Brunswick (Middlesex County)",Urban,Middlesex County (Tech by Via),Microtransit,Via,"App, Phone",Same-day,$3.00,"Mon–Fri 6am–10pm, Sat–Sun 9am–6pm",2024,Local (Middlesex County),Active,Not specified,Launched February 2024 in New Brunswick; expanded to North Brunswick (Nov 2024) and East Brunswick to address food access gaps.,https://www.middlesexcountynj.gov,40.49,-74.45,Original database
Passaic County MOVE,NJ,Passaic and Clifton (Passaic County),Urban,Passaic County (Tech by Via),Microtransit,Via,Passaic County MOVE app,Same-day,$1.80,Mon–Fri 6am–8pm,2025,"Local (Passaic County, $1.6M Via contract)",Active,Not specified · 12-passenger vans,"Launched May 20, 2025; fleet of 12-passenger vans. Connects to NJ Transit stations within service area.",https://city.ridewithvia.com/passaic-county,40.85,-74.13,Original database
Via Newark,NJ,Newark Arts and Education District (city limits),Urban,City of Newark / Invest Newark (Tech by Via),Microtransit,Via,Via Newark app,Same-day,Free,Fri evenings and weekends,2025,Local (Urban Enterprise Zone funds),Pilot,Not specified,"Launched May 16, 2025 as a 6-month pilot; free weekend-only service connecting residents and visitors to Prudential Center, Rutgers Newark, Newark-Penn Station, and other arts/education destinations.",https://city.ridewithvia.com/newark,40.73,-74.17,Original database
ViaLC (Lorain County),OH,Cities of Lorain and Elyria (Lorain County),Urban,Lorain County Transit (Tech by Via),Microtransit,Via,"Via Lorain County app, Phone",Same-day,Not specified,Not specified,2024,"Local, Federal (ATTAIN $2.7M expansion grant 2025)",Active,Not specified,"Launched July 2024; neared 150,000 rides by early 2026; reduced cost-per-ride 36% vs fixed-route. $2.7M federal grant to expand hours to reach second/third shift workers.",https://city.ridewithvia.com/lorain,41.43,-82.13,Original database
Metro Micro (LA Metro),CA,"8 zones: Watts/Compton, LAX/Inglewood, North Hollywood/Burbank, El Monte, Highland Park/Eagle Rock/Glendale, Altadena/Pasadena/Sierra Madre, Northwest San Fernando Valley, UCLA/Westwood/VA Medical Center",Urban,Los Angeles County Metropolitan Transportation Authority (Metro),Microtransit,RideCo,"Metro Micro app, Phone",Same-day,$2.50,Not specified,2020,Local (Measure M),Active,Not specified,"One of the largest microtransit deployments in the US; 8 zones across LA County providing first/last-mile connections to Metro rail and bus. [NTD 2024: 20,744 annual trips, 16 peak vehicles]",https://www.metro.net/micro/,34.05,-118.24,Original database
Go West Covina,CA,City of West Covina,Suburban,City of West Covina (Tech by Via),Microtransit,Via,Go West Covina app,Same-day,Free (while funded),Mon–Fri 7am–7pm,2024,Local (LA Metro Visionary Seed Fund $659k),Active,Not specified,"Launched November 18, 2024; replaced existing Red and Blue shuttle routes Feb 2025. Connects to Metrolink stations in Baldwin Park and Covina. [NTD 2024: 35,978 annual trips, 8 peak vehicles]",https://www.westcovina.gov/452/Go-West-Covina---Microtransit,34.07,-117.94,Original database
Connect Torrance,CA,City of Torrance,Suburban,City of Torrance,Microtransit,Not specified,App,Same-day,Not specified,"Mon–Fri 6am–9pm, Sat–Sun 9am–9pm",2024,Local (LA Metro Visionary Seed Fund $1M),Active,Not specified,Launched December 2024; expanded service hours and coverage zone in June 2025 after strong ridership growth in first six months.,https://www.torranceca.gov,33.84,-118.34,Original database
GBM On Demand,WI,"Green Bay metro area (Alderwood, De Pere, Ashwaubenon, East/West Green Bay zones)",Urban,Green Bay Metro,Microtransit,Via,"GBM Transit app, Phone",Same-day,$2.00 (day pass),"Mon–Fri 5:15am–6:45pm, Sat 7:45am–1:45pm",2021,Local,Active,Not specified,"First microtransit service in Wisconsin; relaunched July 2025 consolidating separate daytime zones into one large service area. Paratransit clients may also use the service. [NTD 2024: parent agency reported 889,017 total trips across all modes, 27 peak vehicles agency-wide; on-demand share is a subset]",https://www.greenbaywi.gov/GBM-On-Demand,44.52,-88.02,Original database
MetroNow! (Cincinnati Metro),OH,"6+ zones in Hamilton County: Springdale/Sharonville, Northgate/Mt. Healthy, Forest Park/Pleasant Run, Blue Ash/Montgomery (+ Deer Park, Silverton, Kenwood, Madeira), and more",Suburban,Southwest Ohio Regional Transit Authority (SORTA/Metro),Microtransit,Not specified,"MetroNow! On Demand app, Phone",Same-day,$2.50,"Mon–Fri 6am–9pm, Weekends 8am–9pm",2023,Local (SORTA),Active - Expanding,Not specified,"Launched May 2023; surpassed 210,000 trips in first two years. Blue Ash/Montgomery zone added Oct 2025. Serves low-density areas not suited for full-size buses.",https://www.go-metro.com/riding-metro/metronow/,39.28,-84.47,Original database
Tri MyRide (Tri Delta Transit),CA,Antioch/Oakley zone and Pittsburg/Bay Point zone (East Contra Costa County),Suburban,Tri Delta Transit (Eastern Contra Costa Transit Authority),Microtransit,TransLoc,"Tri MyRide app, Cash",Same-day,$2.00,"Mon–Fri 5am–9pm, Weekends/Holidays 8am–5pm",2019,"Local, Federal",Active,8 vehicles · Dedicated microtransit vans (2 zones),"Two service areas near Antioch BART and Pittsburg/Bay Point BART stations. Fleet of 8 dedicated microtransit vehicles. Connects to BART, Amtrak, and fixed routes.",https://trideltatransit.com/tri-myride/,37.98,-121.78,Original database
OmniRide (Omnitrans),CA,"Bloomington, Chino/Chino Hills, and Upland (San Bernardino Valley)",Suburban,Omnitrans,Microtransit,RideCo,"OmniRide On-Demand app, Cash",Same-day,$4.00 (includes fixed-route day pass),Mon–Sat 6am–8pm,2020,Local,Active,Not specified,3 zones across San Bernardino Valley; ridership up 60% YoY for Chino/Chino Hills in FY2025. Replaces underperforming fixed routes; connects warehouse workers to employers.,https://omnitrans.org/services/,34.07,-117.5,Original database
NCTD+ San Marcos,CA,"San Marcos (10-square-mile zone, North San Diego County)",Suburban,North County Transit District (NCTD),Microtransit,Not specified,"NCTD+ app, Phone",Same-day,$3.00 ($1.50 to/from Sprinter stations),Daily 6am–9pm,2024,Local (NCTD),Active,Not specified · ADA-accessible vans (up to 8 passengers),Launched June 2024; fare reduced from $5 to $3 following rider feedback. ~100 weekly riders. Part of NCTD's broader NCTD+ microtransit program.,https://www.gonctd.com/plus,33.14,-117.17,Original database
NCTD+ Vista,CA,"Vista (7-square-mile zone, North San Diego County)",Suburban,North County Transit District (NCTD),Microtransit,Not specified,"NCTD+ app, Phone",Same-day,$3.00 ($1.50 to/from Sprinter stations),"Mon–Fri 6am–8pm, Weekends 8am–8pm",2025,Local (NCTD),Active - New,Not specified · ADA-accessible vans,"Launched May 19, 2025. Serves 7-square-mile zone including Vista Community Clinic, Brengle Terrace Park, and 3 Sprinter rail stations.",https://www.gonctd.com/plus,33.2,-117.24,Original database
El Cajon Microtransit,CA,City of El Cajon (San Diego County),Suburban,City of El Cajon (Tech by Via),Microtransit,Via,Via app,Same-day,Not specified,Not specified,2025,Local (SANDAG Flexible Fleets grant),Active - New,Not specified · Electric vehicles,Launched March 2025; app-based on-demand service within El Cajon service zone.,https://www.sandag.org/projects-and-programs/innovative-mobility/flexible-fleets/microtransit-services,32.79,-116.96,Original database
Mid-City GO,CA,"North Park, City Heights, and Mid-City San Diego communities",Urban,North Park Mainstreet / City Heights CDC,Microtransit,Not specified,App,Same-day,Free,Not specified,2025,Local (SANDAG grant),Active - New,Not specified · Electric ride-share vans,Launched February 2025; free electric ride-share connecting Mid-City communities to each other and to the broader transit system.,https://www.sandag.org/projects-and-programs/innovative-mobility/flexible-fleets/microtransit-services,32.74,-117.1,Original database
SouthPark Skipper,NC,"SouthPark municipal service district, Charlotte (~1 sq mile)",Urban,SouthPark Community Partners (operated by Freebee),Microtransit,Freebee,Freebee app,Same-day,Free,Daily 9am–9pm,2024,"Private (SouthPark Community Partners nonprofit, municipal service district funds)",Pilot,Not specified · Electric EVs,"Launched Nov 15, 2024. State's first privately sponsored microtransit; free electric EV fleet. 1-year pilot serving SouthPark commercial core with ~1,000 employers and 32,000 workers.",https://southparkclt.org,35.15,-80.84,Original database
CATS Micro,NC,"Northern Mecklenburg County (Davidson, Cornelius, Huntersville, north Charlotte)",Suburban,Charlotte Area Transit System (CATS); operated by MV Transportation,Microtransit,Spare,"CATS Micro app, Phone",Same-day,$2.20,"Mon–Fri 6am–7pm, Sat–Sun 7am–7pm",2025,"Federal, Local (CATS Better Bus Plan)",Active - New,Not specified · WAV vehicles available,"Launched Feb 24, 2025. On-demand shared-ride serving point-to-point within Northern Mecklenburg zone. WAV vehicles available.",https://www.charlottenc.gov/cats,35.47,-80.85,Original database
McDowell Express,NC,Marion and McDowell County (~7-mile radius),Rural,McDowell County Transit (NCDOT MEE-NC grant program),Microtransit,Not specified,"App, Phone",Same-day,Not specified,"Mon–Fri 7am–8pm, Sat 9am–5pm",2025,Federal (NCDOT $10.4M MEE-NC grant for 11 rural communities),Active - New,Not specified,"Launched May 1, 2025; 1,900+ rides in first 5 months with steady month-over-month growth. Connects rural residents to jobs, healthcare, and education.",https://www.ncdot.gov/divisions/integrated-mobility/public-transit-services/on-demand-microtransit/,35.68,-82.01,Original database
FAST Connect,CA,"Cordelia/Green Valley zone and Northeast Fairfield zone (incl. Fairfield-Vacaville Hannigan Train Station, Travis AFB)",Suburban,City of Fairfield Transit (FAST); Tech by The Routing Company,Microtransit,The Routing Company (Pingo),"Ride Pingo app, same-day",Same-day,$2.00,"Mon–Fri 6am–8pm, Sat 9am–5pm",2023,"Local, Federal",Active,Not specified,"Launched Sept 5, 2023; replaced 3 fixed routes. 35,000+ passengers; 99% on-time; 4.8/5 rating. Average pickup wait under 15 min. Won METRO 2024 Innovative Solutions Award.",https://fasttransit.org,38.25,-122.03,Original database
Southeastern Connect,CA,"Mount Hope, Chollas View, Emerald Hills (Southeast San Diego)",Urban,SANDAG / Urban Collaborative Project (operated by Via),Microtransit,Via,"Via San Diego app, Phone",Same-day,Free through Dec 2026,Not specified,2025,"Federal, State, Local ($3.8M: SANDAG, City of SD, CA Air Resources Board, CA Energy Commission)",Active - New,Not specified · All-EV fleet (max 4 passengers),"Launched Aug 12, 2025; 4-year pilot. All-EV fleet (max 4 passengers). Serves environmental justice communities with limited transit access.",https://www.sandag.org/projects-and-programs/innovative-mobility/flexible-fleets/microtransit-services/southeastern-connect,32.71,-117.09,Original database
Via West Sacramento,CA,City of West Sacramento; expanded Oct 2024 to Downtown Sacramento pilot zones,Urban,City of West Sacramento (Tech by Via),Microtransit,Via,Via West Sac app,Same-day,Standard fares apply; discounted for seniors/disabled; free fares for Downtown pilot expired Dec 2024,Not specified,2018,"Local, State (YAQMD Clean Air Funds for pilot expansion)",Active,Not specified,"One of the oldest Via-operated programs in the US. Expanded Oct 7, 2024 to pilot service at Downtown Sacramento locations. Multiple national awards including Smart 50 Award.",https://www.cityofwestsacramento.org/services/via-rideshare,38.58,-121.53,Original database
SV Hopper (Silicon Valley Hopper),CA,Cupertino (citywide) and southern Santa Clara (expanding to Phase 2),Suburban,City of Cupertino / City of Santa Clara (Tech by Via),Microtransit,Via,"Silicon Valley Hopper app, Phone",Same-day,$3.50 ($1.75 youth/seniors/disabled),Not specified,2022,"State ($8.5M CalSTA grant through FY2026-27), Local ($500k VTA grant)",Active,13 EVs · incl. 3 WAVs and 9 Kia Niros with bike racks,13 EVs including 3 WAVs and 9 Kia Niros with bike racks. Santa Clara Phase 1 launched Nov 2023. Cupertino original service continues. Plans to expand to Phase 2 (north Santa Clara).,https://city.ridewithvia.com/hopper,37.32,-122.03,Original database
Peery Park Rides,CA,Peery Park business district and northwest Sunnyvale (US-101 to Fair Oaks Ave to El Camino Real),Suburban,City of Sunnyvale / VTA (operated by Zia/Via),Microtransit,Via,"Peery Park Rides app, Phone",Same-day,Free,Mon–Fri 7am–7pm,2025,Local ($1.12M VTA grant + $500k community benefit funds; +$100k city supplemental),Active - New,3 vehicles · Chrysler Voyager vans,"Launched Feb 11, 2025 (official launch Mar 4). 2-year pilot. 3 Chrysler Voyager vans serving 9 destinations in Peery Park district + Caltrain station + downtown Sunnyvale.",https://www.sunnyvale.ca.gov/homes-streets-and-property/transportation-and-traffic-safety/peery-park-rides,37.39,-122.03,Original database
Go Time! Annapolis,MD,City of Annapolis service area (replacing Orange and Purple bus routes),Urban,City of Annapolis Department of Transportation,Microtransit,Transigo,"Transigo app, Phone (410-263-7964)",Same-day,Same as regular bus fare,Not specified,2024,"Local, Federal",Active,Not specified,Launched July 2024; replaced the fixed Orange and Purple bus routes with flexible on-demand service. Pickup within 3/4 mile of original route corridors.,https://annapolis.gov/2177/Go-Time-Annapolis-On-Demand-Transit,38.98,-76.49,Original database
SEPTA Go,PA,"6 Go Zones in Philadelphia suburbs: 3 in Delaware County (Phase 2, Spring 2027) + 3 more incl. Montgomery County zone (Phase 3, Summer 2027); replacing low-ridership routes incl. 78, 90, 92, 120, 128, 132, 133, 206",Suburban,Southeastern Pennsylvania Transportation Authority (SEPTA),Microtransit,RideCo,"App, Phone",Same-day,Standard SEPTA fare,Daily (hours TBD),2027,"Federal, State, Regional (SEPTA)",Pilot,48 vehicles planned · Fleet TBD (planned Spring/Summer 2027),Planned launch Spring/Summer 2027 as part of SEPTA's New Bus Network Bus Revolution redesign. 6 on-demand zones replacing underperforming suburban fixed routes. RideCo selected as technology vendor Oct 2023; 48-vehicle fleet planned. First SEPTA microtransit since the short-lived Owl Link pilot (2021–2022).,https://wwww.septa.org/initiatives/bus/,39.97,-75.28,Original database
rabbittransit Stop Hopper,PA,"York, Red Lion/Dallastown, East York, Selinsgrove/Sunbury, Danville-Bloomsburg, Lewisburg-Milton, Gettysburg, Hanover (south-central PA)",Suburban,rabbittransit,Microtransit,TransLoc,"Stop Hopper app, Phone (800-632-9063)",Same-day,$2.00; Seniors 65+ free,Mon–Fri 6:30am–6:30pm (varies by zone),2018,"State (PA Lottery, PennDOT), Federal",Active,Not specified,Pennsylvania's first microtransit service. Multi-zone coverage across south-central PA. One of 6 PennDOT case-study agencies (2024 report). Seniors ride free with Free Fare ID. Transfer connection from fixed route: $0.40 upcharge.,https://www.rabbittransit.org/schedules/microtransit-stophopper/,39.96,-76.73,Original database
CATAGO!,PA,State College / Centre County microtransit zone,Suburban,Centre Area Transportation Authority (CATA),Microtransit,Via,"App, Phone",Same-day,Standard CATA fares,Mon–Fri service hours,2021,"State (PennDOT), Federal (FTA)",Active,Not specified,Replacement-case microtransit: replaced underperforming fixed route near Penn State. One of 6 PennDOT case-study agencies. Among PA's highest-productivity microtransit zones.,https://www.catabus.com,40.79,-77.86,Original database
CATA GO,PA,Crawford County (Meadville area),Rural,Crawford Area Transportation Authority (CATA),Microtransit,Via,"App, Phone",Same-day,Standard CATA fares,Mon–Fri service hours,2022,"State (PennDOT), Federal (FTA)",Active,Not specified,"Replacement-case microtransit in rural northwest PA. Replaced underperforming fixed routes. One of 6 PennDOT case-study agencies in 2024 statewide study. [NTD 2024: parent agency reported 295,091 total trips across all modes, 46 peak vehicles agency-wide; on-demand share is a subset]",https://crawfordcata.com,41.64,-80.15,Original database
Monroe County Pony Plus (MCTA),PA,Multiple zones in Monroe County (Pocono region),Suburban,Monroe County Transit Authority (MCTA),Microtransit,Not specified,"App, Phone",Same-day,Standard MCTA fares,Mon–Fri service hours,2020,"State (PennDOT), Federal",Active,Not specified,One of 6 PennDOT case-study agencies in 2024 statewide microtransit report. Serves suburban Pocono area zones; system-wide productivity tracked in PennDOT analysis.,https://monroecountypa.gov/Dept/Transportation/Pages/PublicTransportation.aspx,41.05,-75.35,Original database
MB Freebee (Miami Beach),FL,"Mid Beach and portions of North Beach, Miami Beach",Urban,City of Miami Beach (Freebee),Microtransit,Freebee,Freebee app,Same-day,Free,Daily (hours vary),2019,Municipal (City of Miami Beach),Active,Not specified · 100% electric vehicles,100% electric vehicles. Door-to-door and first/last-mile connectivity to Miami Beach Trolley and Miami-Dade County bus. Part of Freebee's 53-destination Florida network serving ~2M riders/year systemwide.,https://www.miamibeachfl.gov/freebee/,25.81,-80.13,Original database
Freebee Kissimmee,FL,Downtown Kissimmee and expanded commercial zones (incl. west of John Young Pkwy),Urban,City of Kissimmee (Freebee),Microtransit,Freebee,Freebee app,Same-day,Free,Daily (hours vary),2023,"Municipal (City of Kissimmee, $421k/yr)",Active,Not specified · Tesla Model X vehicles,"Replaced underperforming Kissimmee Circulator bus. Ridership up 190% 2023–2024; 25,000+ rides in 2024. Serves hospital, City Hall, bus/train stations. Contract renewed through March 2027.",https://www.kissimmeeflorida.org,28.3,-81.41,Original database
Scout (Seminole County),FL,Seminole County (multiple zones replacing most LYNX bus routes),Suburban,Seminole County (Freebee),Microtransit,Freebee,Freebee app,Same-day,~$3–4/trip (zone-based),7 days/week (hours vary by zone),2025,"County ($5M/yr + $100k setup), State",Active,35 vehicles · Electric vans (5 zones),"Launched Oct 2025; replaces most LYNX fixed routes. 35-vehicle fleet across county zones. ~30,000 riders/month by early 2026. Largest single Freebee deployment. LYNX paratransit and core routes retained.",https://www.seemore.fun/scout,28.7,-81.32,Original database
MetroConnect SoMi,FL,South Miami SoMi district; connections from Coral Gables and Pinecrest,Urban,City of South Miami (Via),Microtransit,Via,MetroConnect SoMi app,Same-day,Free,Daily (hours vary),2025,Municipal (City of South Miami),Active,Not specified,"Launched Feb 27, 2025. Replaced former Freebee service. Part of broader MetroConnect network. Connects residents to South Miami's SoMi commercial district.",https://www.southmiamifl.gov,25.71,-80.29,Original database
Freebee Downtown Miami & Brickell,FL,"Downtown Miami, Brickell, Arts & Entertainment District",Urban,Miami Downtown Development Authority (Freebee),Microtransit,Freebee,Freebee app,Same-day,Free,Daily (hours vary),2026,Miami Downtown Development Authority,Active - New,9 vehicles · VW ID electric vans,Launched March 2026. Transitioned from fixed-route circulator to fully on-demand. 9 electric vehicles incl. VW ID vans covering urban core and Brickell.,https://miamidda.com,25.77,-80.19,Original database
Chandler Flex,AZ,"South Chandler (approx. Chandler Blvd to Chandler Heights Rd, Price Rd to Arizona Ave)",Suburban,City of Chandler (Via),Microtransit,Via,"Chandler Flex app, Phone (602-932-0291)",Same-day,$2.00; $1.00 extra passengers/seniors/WAV riders; students free with ID,Mon–Fri 6:00am–9:00pm,2022,"State (A for Arizona grant $2M), Federal, Local ($3M expansion grants)",Active,Not specified · WAV available; Waymo AV integration (overflow),"100,000+ rides since launch; 3,000+/month. 42% of rides school-related. Integrates Valley Metro bus routes 72, 81, 96, 104, 112, 156, 542. First US city to integrate Waymo autonomous vehicles into public transit network (fall 2025).",https://city.ridewithvia.com/chandler-flex,33.27,-111.85,Original database
Bay Transit Express,VA,"Gloucester County (Gloucester Business District, ~20 sq mi)",Rural,Bay Transit (Bay Aging),Microtransit,Via,Bay Transit Express app,Same-day,$1.00/trip,Mon–Fri 8:00am–5:00pm,2021,"Federal (FTA Integrated Mobility Innovation Grant), State (DRPT, ITTF)",Active,Not specified,"222% ridership increase vs. replaced fixed routes. Expanded from 10 to 20 sq mi after strong demand. Part of DRPT's Virginia Rural Microtransit Deployment Initiative (18-month pilot, now ongoing). [NTD 2022: parent agency reported 119,573 total trips across all modes, 40 peak vehicles agency-wide; on-demand share is a subset]",https://www.baytransit.org,37.41,-76.52,Original database
METGo!,VA,"City of Norton; Lee, Scott, and Wise counties (Southwest Virginia, ~11 sq mi core)",Rural,Mountain Empire Older Citizens (Mountain Empire Transit),Microtransit,Via,"METGo app, Phone",Same-day,Free,Mon–Fri service hours,2021,"Federal (FTA), State (DRPT, ITTF), Local",Active,Not specified,"55,829+ trips since launch. Zero-fare service. Expanded to Big Stone Gap community college and Duffield industrial park. Part of DRPT Virginia Rural Microtransit Deployment Initiative; ridership more than doubled vs. fixed routes.",https://meoc.org,36.93,-82.62,Original database
OmniRide Connect,VA,"Manassas Park; Dumfries, Triangle, Quantico (Prince William County)",Suburban,Potomac and Rappahannock Transportation Commission (OmniRide),Microtransit,Not specified,"OmniRide Mobility app, Phone (703-730-6664)",Same-day,Free,Mon–Fri (hours vary by zone),2023,"Federal, State (DRPT), Regional (PRTC)",Active,Not specified,Two separate zones: Manassas Park and the Dumfries/Quantico corridor. Dispatched on-demand via app. Complements OmniRide local bus routes.,https://www.omniride.com/services/connect/,38.67,-77.28,Original database
GRTC LINK,VA,"6 zones: Azalea Ave/Meadowbridge Rd (Henrico/Hanover), Ashland (Hanover), Broad Rock/Hull Street Rd (Chesterfield), Clover Dale (Chesterfield), Powhatan County, Sandston/Elko (Henrico)",Suburban,Greater Richmond Transit Company (GRTC),Microtransit,Via,"GRTC On the Go app, Phone",Same-day,Free,Mon–Fri 5:00am–8:00pm,2023,"Federal, State (DRPT), Local (Henrico, Chesterfield, Hanover, Powhatan)",Active,Not specified · Wheelchair accessible,All 5 planned zones launched by July 2024; Broad Rock added later for 6 total. Wheelchair accessible; ~20-min typical arrival. Serves areas without viable fixed-route coverage.,https://ridegrtc.com/link,37.53,-77.46,Original database
CDTA FLEX+,NY,Downtown Albany (Union Station/Amtrak to major downtown destinations),Urban,Capital District Transportation Authority (CDTA),Microtransit,The Routing Company (Pingo),"Ride Pingo app, CDTA Navigator app, Phone",Same-day,$3.00/ride,Mon–Fri 8:00am–7:00pm,2024,"State (NY Innovative Mobility Initiative), Federal",Active,Not specified,"Launched Jan 29, 2024; expanded summer 2024. Connects downtown Albany to Joseph L. Bruno Rail Station (one of busiest Amtrak stations). NY State IMI-funded ($1M allocation for CDTA).",https://www.cdta.org/flex,42.65,-73.75,Original database
TriMet NEXT,OR,"South Gresham and Powell Valley neighborhoods, Gresham",Suburban,TriMet,Demand-Response,Not specified,"TriMet NEXT app, Online (trimet.org/next), Phone (503-962-5959)",Same-day,Standard TriMet fares (Hop Fastpass),"Daily incl. holidays, 9:00am–6:00pm",2025,"Federal, State (ODOT)",Active - Pilot,Not specified · Up to 6 riders per vehicle; WAV available,"Launched publicly June 2025 for seniors and people with disabilities. Connects to 79 bus lines, 5 MAX lines, WES commuter rail. Vehicles hold up to 6 riders. 100% rider satisfaction rating in first month. Earlier paratransit rollout April 2025.",https://trimet.org/next,45.49,-122.43,Original database
SPOT Southwest,OR,"South Cooper Mountain, River Terrace, Murrayhill, Progress Ridge (Washington County)",Suburban,"Washington County, OR",Microtransit,Not specified,"Mobile app, Phone",Same-day,Free,Mon–Fri 6:30am–9:30pm,2026,"County, State, Federal",Active - New,Not specified,Launched January 2026. Door-to-door shared rides; free to all community members. Connects to TriMet frequent bus at Washington Square Transit Center.,https://www.washingtoncountyor.gov/lut/planning/microtransit,45.46,-122.84,Original database
High Valley Transit Micro,UT,Multiple microzones in Summit and Wasatch counties (Park City area); discontinued in Park City municipal limits Apr 2024,Rural,High Valley Transit District,Microtransit,Not specified,High Valley Transit app,Same-day,Free,7 days/week,2021,"Local, Federal",Active,Not specified · WAV available; door-to-door service,"286,887 microtransit trips in 2023 alongside 894,598 fixed-route trips. ~35,000 monthly riders as of early 2025. Integrated with fixed-route buses; WAV and door-to-door service available. Service within Park City municipal limits ended Apr 14, 2024. [NTD 2024: parent agency reported 1,448,366 total trips across all modes, 44 peak vehicles agency-wide; on-demand share is a subset]",https://www.hvtutah.gov/ride-micro,40.65,-111.5,Original database
Decatur Moves,IL,"Decatur, Mt. Zion, Forsyth (urban zone); full Macon County (rural zone)",Urban,Decatur Public Transit System (DPTS); operated by MV Transportation,Microtransit,Spare,"Decatur Moves app, Phone (217-424-2821), Web",Same-day,$2.00 urban; $5.00 rural (Macon County),Daily 5:00am–8:00pm,2025,"State (IDOT Consolidated Vehicle Program, downstate operating assistance), Local",Active,25 vans · (3-year MV Transportation contract),"Launched Sept 8, 2025 after delay. 25-van fleet; 3-year $14M MV Transportation contract. Replaced no taxi service in Decatur since COVID. Citywide coverage replacing fixed-route bus gaps.",https://www.decaturil.gov/567/Decatur-Moves---Microtransit,39.84,-88.95,Original database
TANK Plus,KY,"Campbell County (Zone 1), Northern Kentucky",Suburban,Transit Authority of Northern Kentucky (TANK),Microtransit,Via,"TANK On-Demand app, Phone (859-331-8265)",Same-day,$5.00 curb-to-curb within zone; $2.50 to fixed-route transfer point,Mon–Sun 9:00am–5:00pm,2024,"Federal, State, Local (Campbell County Fiscal Court)",Active,Not specified,"Launched Aug 13, 2024. On-demand only (no advance booking). Pickup within 30 minutes. Connects to TANK fixed routes for travel outside zone. Year-long pilot extended after success.",https://www.tankbus.org/microtransit/,39.07,-84.48,Original database
MWRTA Catch Connect,MA,"Wellesley (all addresses); expanded to Hudson and Berlin; connections to Waban/Woodland MBTA stations, Newton Wellesley Hospital, Natick Community Center",Suburban,MetroWest Regional Transit Authority (MWRTA),Microtransit,Proprietary (MWRTA Catch app),"MWRTA Catch app, Phone (508-283-5083)",Same-day,Free (through June 2025); fare TBD after,"Mon–Fri 6:45am–8:45pm, Sat–Sun 8:00am–6:00pm",2021,"State (MassDOT), Federal, Local",Active,Not specified,Launched Feb 2021 replacing Route 8 fixed bus in Wellesley. Expanded to Hudson/Berlin Feb 2025. Curb-to-curb; 10–30 min average wait. Part of broader MWRTA service area.,https://mwrtacatchconnect.com/,42.3,-71.29,Original database
Go2 (Muskegon Area Transit),MI,Muskegon County,Suburban,Muskegon Area Transit System (MATS),Microtransit,Via,"Go2 app, Phone",Same-day,Not specified,Mon–Sat service hours,Not specified,"Federal, Local",Active,Not specified,On-demand microtransit sponsored by MATS and operated by Via. Complements 7-route fixed-route network. Connects to Herman Ivory Terminal hub.,https://matsbus.com,43.23,-86.25,Original database
Richmond Moves,CA,"City of Richmond (5.6 sq mi citywide zone; 2 BART stations, ferry terminal, Civic Center)",Urban,City of Richmond (Via),Microtransit,Via,"Richmond Moves app, Phone (510-937-3657)",Same-day,$2.00; Free seniors 65+ and students,Mon–Fri 7:00am–7:00pm,2022,"State (CA Clean Mobility Options Voucher Pilot $1M), Local",Active,"3 vehicles · Plug-in hybrid electric (WAV capable, up to 7 passengers)","Launched April 2022. All-electric plug-in hybrid fleet. Serves predominantly low-income and disadvantaged communities (80% of service area). Connects to BART, Amtrak, AC Transit, and ferry.",https://city.ridewithvia.com/richmond-moves,37.94,-122.35,Original database
Calexico On Demand,CA,"City of Calexico (Imperial County, CA-Mexico border)",Urban,Imperial County Transportation Commission (ICTC) (Via),Microtransit,Via,"Calexico On Demand app, Phone",Same-day,$2.00; $1.00 seniors/disabled,Mon–Fri 6:00am–6:00pm,2023,"State (CA Clean Mobility Options Voucher $1M), Federal",Active,Not specified · Plug-in hybrid electric vehicles (PHEVs),"Launched Jan 9, 2023. Plug-in hybrid electric vehicles. Serves seniors, low-income, and youth in a border city historically challenged by poor air quality. Contract extended through 2025 ($3M total). [NTD 2024: parent agency reported 977,774 total trips across all modes, 38 peak vehicles agency-wide; on-demand share is a subset]",https://city.ridewithvia.com/calexico,32.68,-115.5,Original database
MetroConnect (Miami-Dade),FL,"10 zones across Miami-Dade County: Northern Miami-Dade, Northeastern, Westchester, Kendall, Dadeland, South Miami, West Perrine & South Miami Heights, Cutler Bay, Southern Miami-Dade (Civic Center and Waterford zones discontinued Feb 2026)",Urban,Miami-Dade County DTPW (Via),Microtransit,Via,"MetroConnect app, Phone (786-321-5842)",Same-day,"$3.75/trip; $1.50 discounted when connecting to Metrorail, Metrobus, or South Dade TransitWay","Mon–Fri 6:30am–7:00pm (South Miami: Thu–Sat noon–11pm, Sun noon–8:30pm)",2020,Local (Miami-Dade County DTPW),Active,Not specified · Multi-zone WAV-accessible vehicles,Launched 2020 as GoConnect; rebranded MetroConnect. 10+ zones across Miami-Dade. Feb 2026 restructuring standardized fares ($3.75) and discontinued 2 zones. One of largest public microtransit systems in Florida.,https://city.ridewithvia.com/metroconnect,25.77,-80.33,Original database
ART On Demand (St. Lucie County),FL,"3 zones: SW Port St. Lucie (Zone 1), St. Lucie West/Torino (Zone 2), SW Fort Pierce/Treasure Coast Airport (Zone 3)",Suburban,St. Lucie County Area Regional Transit (ART),Microtransit,Not specified,"Rides on Demand app (rebranded Sept 2025), Phone",Same-day,Free (ART is fare-free system),"Mon–Fri 5:00am–9:00pm, Sat 7:00am–4:45pm",Not specified,"Federal, State, Local (St. Lucie County)",Active,Not specified · 5-passenger ADA-compliant vans,"Won 2024 NACo Achievement Award (Best in Category, Transportation). 6,000+ trips/month. App upgraded to 'Rides on Demand' Sept 2, 2025. Inter-zone travel uses designated meet-up points.",https://www.stlucieco.gov/departments-and-services/area-regional-transit/our-services/microtransit,27.29,-80.38,Original database
Freebee Miami Gardens,FL,City of Miami Gardens,Urban,City of Miami Gardens (Freebee),Microtransit,Freebee,Freebee app,Same-day,Free,Daily (hours vary),2025,Municipal (City of Miami Gardens),Active,~10 vehicles · Electric vans (growing from 6),Launched November 2025. Fleet growing from 6 to 10 vehicles by early 2026 due to strong demand. Part of Freebee's 53-destination Florida network.,https://www.ridefreebee.com,25.94,-80.21,Original database
Freebee Palmetto Bay,FL,Village of Palmetto Bay (South Dade),Suburban,Village of Palmetto Bay (Freebee),Microtransit,Freebee,"Freebee app, Phone (855-918-3733)",Same-day,Free,Mon–Sat 7:00am–7:00pm,Not specified,Municipal (Village of Palmetto Bay),Active,4 vehicles · Electric vans,"6,400+ rides in 2025. Fleet doubled to 4 vehicles Feb 2026. First/last-mile connectivity to South Dade TransitWay BRT corridor.",https://www.ridefreebee.com,25.63,-80.34,Original database
Freebee Wynwood & Midtown,FL,"Wynwood Arts District, Midtown Miami, Edgewater; connection to Metromover at 15th St station",Urban,Wynwood Business Improvement District (Freebee),Microtransit,Freebee,"Freebee app, Phone (855-918-3733), street hail",Same-day,Free,Daily (hours vary),Not specified,Private (Wynwood BID),Active,4 vehicles · VW ID electric vans,"Operated by Wynwood BID. Connects Arts District to Edgewater, Midtown, Downtown/Brickell via Metromover. Fleet expanded to 4 VW ID vans Feb 2026.",https://www.ridefreebee.com,25.8,-80.2,Original database
The HOP Microtransit (Hill Country Transit District),TX,"9 microtransit zones: Belton, Cameron, Copperas Cove, Gatesville, Harker Heights, Killeen, Lampasas, Salado, Temple (Bell, Coryell, Milam counties)",Mixed,Hill Country Transit District,Microtransit,Spare,"The HOP Rider App, Online, Phone (254-933-3700)",Same-day (also advance up to 14 days),$2.00/ride; $1.00 students,Mon–Fri 6:00am–8:00pm (varies by zone),2024,"Federal (FTA), State (TxDOT)",Active,36 vehicles · Microtransit vans (9 zones),"Launched Sept 2024. Replaced multiple fixed routes with 36 microtransit vehicles across 9 zones. 46,000 boardings in Jan 2025 (highest month to date). Also offers Urban Regional Commuter (fixed schedule, Copperas Cove–Temple) and Rural Demand Response.",https://takethehop.com,31.07,-97.46,Original database
Pierce Transit Runner,WA,"5 zones in Pierce County: Spanaway North, Spanaway South, Puyallup, Tideflats, Ruston; plus Gig Harbor along Rt 16 corridor",Suburban,Pierce Transit (Via),Microtransit,Via,"Pierce Transit Runner app, Phone (253-581-8000 opt. 4)",Same-day,"Same as Pierce Transit bus ($2.00 adult, $1.00 reduced); Youth 18 and under free",Daily 7:00am–10:00pm,2022,"Federal, State (WSDOT grant), Local (Pierce Transit)",Active,Not specified · WAV vans available (Via-powered),"5+ zones across Pierce County. Via-powered. ORCA card, day pass, and app payment accepted. Zones adjusted June 2025 based on ridership data.",https://piercetransit.org/Runner/,47.2,-122.42,Original database
Metro Link (Kalamazoo Metro),MI,"Peripheral zones of Kalamazoo metro area (Comstock, eastern/western suburbs connecting to KMetro bus routes)",Suburban,Kalamazoo Metro / Central County Transportation Authority (Via),Microtransit,Via,"Metro Link app, Phone (269-388-6373)",Same-day,$1.50 (same as bus); senior discounts available; includes one bus transfer,Mon–Fri service hours,2024,"Federal, Local (CCTA), State (millage)",Active - Pilot,Not specified,"Launched April 15, 2024. Pilot through 2025; included in 2025 millage renewal. Extends reach of KMetro's 21-route bus network into lower-density areas. Via-powered corner-to-corner service.",https://city.ridewithvia.com/metrolink,42.29,-85.58,Original database
MicroCAT (Charlottesville Area Transit),VA,"Pantops area and Route 29 North corridor, Albemarle County",Suburban,Charlottesville Area Transit (CAT) / Albemarle County (Via),Microtransit,Via,"MicroCAT app, Phone (434-442-2466)",Same-day,Free,Mon–Sat 6:30am–9:30pm,2023,"State (DRPT $1.5M), Local (Albemarle County $388k match)",Active,Not specified · Hybrid electric (WAV available),"Launched Oct 30, 2023. Extended beyond initial one-year pilot into 2025. Hybrid electric vehicles. Connects Pantops and Rt 29 N to Charlottesville/UVA fixed-route buses. 'Everything on the table' for expansion per CAT Director.",https://www.charlottesville.gov/microcat,38.06,-78.44,Original database
Via Mobility - Weld County,CO,Weld County,Rural,Via Mobility Services,Demand-Response,In-house,Phone,Advance,Free,M-F 8am-4:30pm,2020,Weld County,Active,Not specified,Serves unincorporated communities; advance booking strongly encouraged.,https://www.weld.gov/,40.4233,-104.7091,Supplemental CA/CO list
Mountain Village Dial-A-Ride,CO,Mountain Village / Telluride,Rural,Town of Mountain Village,Microtransit,Downtowner / In-house,"App, Phone",Same-day / Flexible,Free,M-Su 7am-12am,1995,Town Funds,Active,Shuttles and SUVs (operated by Telluride Express),App-based microtransit for the resort community linking to the gondola.,https://townofmountainvillage.com/,37.9361,-107.8447,Supplemental CA/CO list
Downtowner Aspen,CO,Aspen,Urban,City of Aspen,Microtransit,Downtowner,App,Same-day / Flexible,Free,M-Su 8am-11pm,2016,City Funds,Active,Electric GEM vehicles + Chevy Bolts,Operates an electric fleet in the downtown Aspen core.,https://www.cityofaspen.com/,39.1911,-106.8175,Supplemental CA/CO list
Transfort Dial-A-Ride,CO,Fort Collins,Urban,Transfort,Paratransit,In-house,Phone,Advance,Free,M-Sa 6am-11pm,1990,City Funds / FTA,Active,48 vehicles (NTD agency total),Primarily ADA paratransit complying with fixed-route span.,http://www.ridetransfort.com/,40.5853,-105.0844,Supplemental CA/CO list
COLT Paratransit,CO,Loveland,Suburban,City of Loveland Transit,Paratransit,In-house,Phone,Advance,$2.00,M-Sa 6am-7pm,1995,City Funds,Active,10 vehicles (NTD agency total),Paratransit complementing local fixed routes.,https://www.lovgov.org/services/public-works/bus-transit,40.3978,-105.075,Supplemental CA/CO list
GET Call-N-Ride,CO,Greeley & Evans,Suburban,Greeley-Evans Transit,Paratransit,In-house,Phone,Advance,$3.00,M-Sa 6am-7pm,1990,City Funds,Active,Not specified,ADA and older adult demand response.,https://greeleyevanstransit.com/,40.4233,-104.7091,Supplemental CA/CO list
BATS,CO,Berthoud,Rural,Town of Berthoud,Paratransit,In-house,Phone,Advance,Donation,M-F 8am-4pm,1992,Local Funds,Active,Not specified,General public dial-a-ride within Berthoud.,https://www.berthoud.org/,40.3083,-105.0811,Supplemental CA/CO list
All Points Transit DAR,CO,Montrose & Delta Counties,Rural,All Points Transit,Paratransit,In-house,Phone,Advance,$2.00,M-F 7am-5pm,2000,State Grants,Active,Not specified,"Pre-scheduled door-to-door, open to the general public. Same-day only for medical.",https://www.allpointstransit.com/dial-a-ride/,38.4783,-107.8762,Supplemental CA/CO list
Prowers Area Transit (PATS),CO,Lamar / Prowers County,Rural,Prowers County,Demand-Response,In-house,Phone,Advance,$1.50,M-F 8:45am-5pm,1990,County/FTA,Active,Not specified,General public demand response.,https://www.prowersco.gov/departments/transit/index.php,38.0872,-102.6207,Supplemental CA/CO list
La Junta Transit,CO,La Junta,Rural,City of La Junta,Demand-Response,In-house,Phone,Advance,$1.00,M-F 7am-5pm,1992,City Funds,Active,4 vehicles (NTD agency total),Curb-to-curb service for the general public.,https://www.lajuntacolorado.org/,37.985,-103.5438,Supplemental CA/CO list
Bent County Transit,CO,Bent County,Rural,Bent County,Paratransit,In-house,Phone,Advance,$1.00,M-F 8am-4pm,1990,County Funds,Active,5 vehicles (NTD agency total),Public dial-a-ride.,https://bentcounty.colorado.gov/,38.0667,-103.0667,Supplemental CA/CO list
Steamboat Springs DAR,CO,Steamboat Springs,Rural,Steamboat Springs Transit,Paratransit,In-house,Phone,Advance,Free,M-Su 7am-11pm,1990,City Funds,Active,26 vehicles (NTD agency total),Complementary paratransit to the fare-free fixed route.,https://steamboatsprings.net/166/Transit,40.485,-106.8317,Supplemental CA/CO list
Core Transit Paratransit,CO,Eagle County,Rural,Core Transit (RTA),Paratransit,In-house,Phone,Advance,$2.00,M-Su 6am-10pm,2024,RTA Taxes,Active,Not specified,Replaced ECO Transit in 2024; ADA specific paratransit.,https://www.coretransit.org/,39.6543,-106.8236,Supplemental CA/CO list
Lakewood Rides,CO,Lakewood,Suburban,City of Lakewood,Paratransit,In-house,Phone,Advance,$3.00,M-F 7am-5pm,1995,City Funds,Active,Not specified,Older adults (60+) and disabled residents.,https://www.lakewood.org/,39.7047,-105.0814,Supplemental CA/CO list
Larimer Lift,CO,Larimer County,Rural,Larimer County,Demand-Response,In-house,Phone,Advance,Varies,M-F 8am-5pm,1998,County / FTA,Active,Not specified,Demand-response brokered by the county.,https://www.larimer.org/,40.5853,-105.0844,Supplemental CA/CO list
Kiowa County Transit,CO,Eads / Kiowa County,Rural,Kiowa County,Demand-Response,In-house,Phone,Advance,$1.00,M-F 8am-4pm,1990,FTA 5311,Active,Not specified,General public demand-response.,https://kiowacounty.colorado.gov/,38.48,-102.78,Supplemental CA/CO list
Metro Mobility,CO,Colorado Springs,Urban,Mountain Metropolitan Transit,Paratransit,In-house,Phone,Advance,$3.50,M-Su 5:30am-10pm,1995,City Funds / FTA,Active,Not specified,ADA Paratransit complementing fixed routes.,https://coloradosprings.gov/mountain-metro/page/metro-mobility,38.8339,-104.8214,Supplemental CA/CO list
Citi-Lift,CO,Pueblo,Urban,Pueblo Transit,Paratransit,In-house,Phone,Advance,$2.50,M-Sa 6am-6pm,1990,City Funds,Active,27 vehicles (NTD agency total),Curb-to-curb ADA paratransit.,https://www.pueblo.us/309/Transit,38.2544,-104.6091,Supplemental CA/CO list
GVT Paratransit,CO,Grand Junction,Suburban,Grand Valley Transit,Paratransit,Transdev,Phone,Advance,$3.00,M-Sa 5am-8pm,2000,Mesa County / FTA,Active,19 vehicles (NTD agency total),ADA paratransit for the Grand Valley.,https://gvt.mesacounty.us/,39.0639,-108.5506,Supplemental CA/CO list
Opportunity Bus,CO,Durango,Rural,Durango Transit,Paratransit,In-house,Phone,Advance,$2.00,M-Su 7am-8pm,1995,City Funds,Active,12 vehicles (NTD agency total),Specialized paratransit service.,https://www.durangogov.org/transit,37.2753,-107.8801,Supplemental CA/CO list
Via Paratransit & DAR,CO,Boulder County,Mixed,Via Mobility Services,Paratransit,In-house,Phone,Advance,Free / Donation,M-F 8am-4:30pm,1979,Local / Philanthropy,Active,Not specified,Door-to-door transit for older adults and disabled residents.,https://viamobility.org/,40.015,-105.2705,Supplemental CA/CO list
Avon Microtransit,CO,Avon,Rural,Town of Avon,Microtransit,Downtowner,"App, Phone",Same-day / Flexible,Free,M-Su 8am-10pm,2023,Town Funds,Active,Downtowner shuttle fleet,"App-based microtransit shuttle replacing certain local routes. [NTD 2024: parent agency reported 541,155 total trips across all modes, 8 peak vehicles agency-wide; on-demand share is a subset]",https://www.avon.org/,39.6358,-106.522,Supplemental CA/CO list
Snowmass Dial-a-Ride,CO,Snowmass Village,Rural,Village Shuttle,Paratransit,In-house,Phone,Same-day / Flexible,Free,M-Su 7am-12am,1990,Town Funds,Active,Not specified,Provides door-to-door service within Snowmass Village.,https://www.tosv.com/,39.213,-106.9378,Supplemental CA/CO list
County Express,CO,Northeast Colorado (Sterling/Fort Morgan),Rural,NECALG,Demand-Response,In-house,Phone,Advance,$1.50,M-F 8am-5pm,1992,State / Local,Active,Not specified,General public DAR covering multiple rural counties.,https://necalg.org/county-express/,40.6255,-103.2077,Supplemental CA/CO list
RFTA Paratransit,CO,Roaring Fork Valley (Aspen/Glenwood Springs),Rural,RFTA,Paratransit,In-house,Phone,Advance,$2.00,M-Su 6am-12am,2000,RTA Taxes,Active,Not specified,Paratransit service for ADA eligible riders.,https://www.rfta.com/,39.5505,-107.3248,Supplemental CA/CO list
Broomfield Easy Ride,CO,Broomfield,Suburban,City and County of Broomfield,Paratransit,In-house,Phone,Advance,Free,M-F 8:30am-4pm,1995,County Funds,Active,Not specified,Provides transit for seniors and residents with disabilities.,https://www.broomfield.org/,39.9205,-105.0867,Supplemental CA/CO list
Fremont County Transit,CO,Cañon City / Fremont County,Rural,Fremont County,Demand-Response,In-house,Phone,Advance,$2.00,M-F 8am-4pm,1995,County Funds,Active,9 vehicles (NTD agency total),General public demand-response.,https://www.fremontco.com/,38.441,-105.2424,Supplemental CA/CO list
Summit Stage Paratransit,CO,Frisco / Summit County,Rural,Summit Stage,Paratransit,In-house,Phone,Advance,Free,M-Su 6am-11pm,1990,County Taxes,Active,Not specified,ADA demand response complementing free fixed routes in the ski corridor.,https://www.summitcountyco.gov/,39.5744,-106.0975,Supplemental CA/CO list
Town of Vail Paratransit,CO,Vail,Rural,Vail Transit,Paratransit,In-house,Phone,Advance,Free,M-Su 6am-2am,1992,Town Funds,Active,Not specified,Complementary ADA paratransit for the resort town fixed routes.,https://www.vailgov.com/,39.6403,-106.3742,Supplemental CA/CO list
The Lift Paratransit,CO,Winter Park / Fraser,Rural,The Lift,Paratransit,First Transit,Phone,Advance,Free,M-Su 7am-2am (Winter),1995,Town Taxes,Active,Not specified,ADA paratransit and night-time demand response in Winter Park.,https://www.theliftwp.com/,39.8917,-105.7631,Supplemental CA/CO list
SMART Paratransit,CO,Telluride / San Miguel County,Rural,SMART,Paratransit,In-house,Phone,Advance,$1.00,M-Su 6am-11pm,2017,RTA Taxes,Active,Not specified,Provides ADA Paratransit alongside fixed regional routes.,https://www.smarttelluride.com/,37.9375,-107.8123,Supplemental CA/CO list
Envida Transit,CO,Colorado Springs / El Paso County,Suburban,Envida,Paratransit,In-house,Phone,Advance,Varies,M-F 7am-5pm,1971,Grants / Philanthropy,Active,25 vehicles (NTD agency total),"Specialized public transit primarily for disabled, older adults, and rural public.",https://envidacares.org/,38.8339,-104.8214,Supplemental CA/CO list
Fountain Transit DAR,CO,Fountain,Suburban,City of Fountain,Paratransit,In-house,Phone,Advance,$2.00,M-F 6am-6pm,1995,City Funds,Active,Not specified,Dial-A-Ride complementing the city's fixed route.,https://www.fountaincolorado.org/,38.6822,-104.7008,Supplemental CA/CO list
SCCOG Transit,CO,Trinidad / Walsenburg / Pueblo,Rural,South Central Council of Governments,Demand-Response,In-house,Phone,Advance,$2.00,M-F 8am-4pm,1990,State / Local Grants,Active,8 vehicles (NTD agency total),Crucial rural demand-response covering Las Animas and Huerfano counties.,https://sccog.net/,37.1695,-104.5005,Supplemental CA/CO list
Gunnison Valley RTA Paratransit,CO,Gunnison / Crested Butte,Rural,GVRTA / Mountain Express,Paratransit,In-house,Phone,Advance,Free,M-Su 7am-11pm,1995,RTA Taxes,Active,Not specified,ADA paratransit for the rural ski valley corridor.,https://www.gunnisonvalleyrta.com/,38.5458,-106.9253,Supplemental CA/CO list
Mountain Express DAR,CO,Pagosa Springs / Archuleta County,Rural,Archuleta County,Paratransit,In-house,Phone,Advance,$2.00,M-F 8am-4pm,2000,County Funds,Active,6 vehicles (NTD agency total),Dial-a-ride operating alongside fixed routes in Pagosa Springs.,https://www.archuletacounty.org/,37.2695,-107.0098,Supplemental CA/CO list
SRC Transit,CO,Jefferson / Clear Creek / Gilpin,Suburban,Seniors' Resource Center,Paratransit,In-house,Phone,Advance,Donation,M-F 8am-4pm,1978,DRCOG / Local Grants,Active,Not specified,Major Front Range provider of paratransit and aging adult transit.,https://srcaging.org/transportation/,39.7392,-104.9903,Supplemental CA/CO list
SacRT Flex,CA,Sacramento,Suburban,Sacramento Regional Transit,Microtransit,Via,"App, Phone",Advance,$2.50,M-F 7am-7pm,2025,Measure A,Active,Passenger vans (3 pax + 1 wheelchair),Transitioned from SmaRT Ride legacy program.,https://www.sacrt.com/flex/,38.5816,-121.4944,Supplemental CA/CO list
GoMicro,CA,Hemet / San Jacinto,Suburban,Riverside Transit Agency,Microtransit,Via,"App, Phone",Same-day / Flexible,$1.75,M-F 6:30am-6:30pm,2022,SCAG Grant,Active,Not specified,Replaced low-performing fixed routes.,https://www.riversidetransit.com/gomicro,33.7475,-116.972,Supplemental CA/CO list
Ride Plus,CA,East Palo Alto / HMB,Mixed,SamTrans,Microtransit,Via,"App, Phone",Same-day / Flexible,$2.25,M-Su 6am-10pm,2023,Local Transit Funds,Active,Not specified,Geared towards equity priority communities.,https://www.samtrans.com/rideplus,37.4688,-122.1411,Supplemental CA/CO list
Pa'Lante,CA,East San Jose,Urban,City of San Jose / VTA,Microtransit,Via,"App, Phone",Same-day / Flexible,$2.50,M-Su 6am-10pm,2024,VTA Measure B,Active,Not specified,"All-electric, community-focused fleet.",https://www.sanjoseca.gov/,37.3382,-121.8863,Supplemental CA/CO list
SunRide,CA,Coachella Valley,Suburban,SunLine Transit Agency,Microtransit,Via,"App, Phone",Same-day / Flexible,$2.00,M-F 5:30am-6:30pm,2021,Measure A,Active,Not specified,Connects neighborhoods to major transit hubs.,https://sunline.org/sunride,33.8303,-116.5453,Supplemental CA/CO list
TART Connect,CA,North Lake Tahoe,Rural,TART,Microtransit,Downtowner,"App, Phone",Same-day / Flexible,Free,M-Su 8am-12am,2021,Placer County TOT,Active,47 vehicles (NTD agency total),"High seasonal variation in ridership. [NTD 2024: parent agency reported 902,693 total trips across all modes, 47 peak vehicles agency-wide; on-demand share is a subset]",https://tahoetruckeetransit.com/,39.1673,-120.1428,Supplemental CA/CO list
OC Flex,CA,Orange County,Suburban,OCTA,Microtransit,Via,"App, Phone",Same-day / Flexible,$4.50,M-Su 6am-11pm,2018,State Grants,Active,6 shuttles (8-passenger Transit Connects) · DISCONTINUED July 2025,Unlimited rides with a valid metrolink pass.,https://www.octa.net/ocflex,33.6845,-117.8265,Supplemental CA/CO list
Wheels Dial-A-Ride,CA,Livermore,Mixed,LAVTA,Paratransit,In-house,Phone,Advance,$1.75,M-Su 6am-11pm,1995,ADA / TDA,Active,Not specified,General public paratransit expansion.,https://www.wheelsbus.com/,37.6819,-121.768,Supplemental CA/CO list
ParaCruz / On-Demand,CA,Santa Cruz,Mixed,Santa Cruz METRO,Paratransit,In-house,Phone,Advance,$4.00,M-Su 6am-10pm,2004,Measure D,Active,Not specified,Shared ride paratransit.,https://www.scmtd.com/,36.9741,-122.0308,Supplemental CA/CO list
MST On Call,CA,Monterey County,Mixed,Monterey-Salinas Transit,Microtransit,In-house,"App, Phone",Same-day / Flexible,$1.50,Varies by zone,2015,State Funds,Active,Not specified,Serves deep rural communities like South County.,https://mst.org/,36.6002,-121.8947,Supplemental CA/CO list
SLO Transit Microtransit,CA,San Luis Obispo,Suburban,SLO Transit,Microtransit,Via,"App, Phone",Same-day / Flexible,$1.50,M-F 6am-8pm,2023,City Funds,Active,18 vehicles (NTD agency total),"Launched to reduce fixed route strain. [NTD 2024: parent agency reported 575,946 total trips across all modes, 18 peak vehicles agency-wide; on-demand share is a subset]",https://www.slocity.org/,35.2828,-120.6596,Supplemental CA/CO list
GO Now,CA,Ventura County,Suburban,Gold Coast Transit,Microtransit,Via,"App, Phone",Same-day / Flexible,$2.00,M-F 6am-8pm,2022,LCTOP,Active,Not specified,Serves South Oxnard and Port Hueneme.,https://www.gctd.org/,34.2805,-119.2945,Supplemental CA/CO list
The Wave,CA,Goleta & Carpinteria,Suburban,Santa Barbara MTD,Microtransit,RideCo,"App, Phone",Same-day / Flexible,$1.75,M-Su hours vary by zone,2023,State Grants,Active,Not specified,Official brand name for SB MTD's microtransit zones.,https://sbmtd.gov/thewave/,34.4358,-119.8276,Supplemental CA/CO list
Van Go!,CA,San Joaquin County,Mixed,San Joaquin RTD,Paratransit,In-house,"App, Phone",Same-day / Advance,$4.00,M-Su 8am-5pm,2018,Measure K,Active,Not specified,County-wide dial-a-ride expansion.,https://sanjoaquinrtd.com/vango/,37.9577,-121.2908,Supplemental CA/CO list
The S Microtransit,CA,Stanislaus County,Mixed,StanRTA,Microtransit,Via,"App, Phone",Same-day / Flexible,$2.00,M-F 7am-10pm,2024,LCTOP,Active,Not specified,Merger of former Modesto Area Express programs.,https://stanrta.org/,37.6393,-120.9969,Supplemental CA/CO list
Handy Ride,CA,Fresno,Mixed,Fresno FAX,Paratransit,In-house,Phone,Advance,$1.50,M-Su 5am-10pm,1990,Measure C,Active,Not specified,Primarily ADA but open to specific public requests.,https://www.fresno.gov/transportation/,36.7378,-119.7871,Supplemental CA/CO list
EVE (Everyone Ventures Everywhere),CA,Anaheim,Urban,City of Anaheim / ATN,Microtransit,Circuit,App,Same-day / Flexible,Varies,Varies,2023,TIRCP Grants,Active,Not specified,Replacing legacy FRAN service with a new ZEV fleet.,https://rideart.org/,33.8366,-117.9143,Supplemental CA/CO list
NCTD FLEX,CA,North San Diego County,Mixed,NCTD,Demand-Response,In-house,Phone,Advance,$5.00,M-F 5am-8pm,2010,TDA,Active,Not specified,Provides localized service in parts of Oceanside.,https://gonctd.com/services/flex/,33.1959,-117.3795,Supplemental CA/CO list
Marin Transit Connect,CA,Marin County,Suburban,Marin Transit,Microtransit,Via,"App, Phone",Same-day / Flexible,$4.00,M-F 6am-7pm,2018,Measure AA,Active,Not specified,Geofenced to central Marin and SMART stations.,https://marintransit.org/connect,37.9735,-122.5311,Supplemental CA/CO list
VineGo,CA,Napa County,Rural,NVTA,Demand-Response,In-house,Phone,Advance,$3.00,M-Su 6am-8pm,2000,TDA,Active,Not specified,Curb-to-curb service requiring pre-registration.,https://vinetransit.com/,38.2975,-122.2869,Supplemental CA/CO list
MBTA Ready Ride,CA,Morongo Basin,Rural,MBTA,Demand-Response,In-house,Phone,Same-day / Advance,$3.50,M-F 6am-7pm,1995,LTF,Active,Not specified,Deviated fixed-route and curb-to-curb hybrid.,https://mbtabus.com/,34.1333,-116.0333,Supplemental CA/CO list
Micro-Link,CA,Victor Valley,Rural,VVTA,Microtransit,Via,"App, Phone",Same-day / Flexible,$1.50,M-F 6am-8pm,2022,State Grants,Active,Not specified,Serves Hesperia and Victorville zones.,https://vvta.org/microlink/,34.5361,-117.2912,Supplemental CA/CO list
GET Bus On-Demand,CA,Bakersfield,Suburban,Golden Empire Transit,Microtransit,Via,"App, Phone",Same-day / Flexible,$2.00,M-Su 6am-11pm,2020,TDA,Active,Not specified,Expansive zone-based model replacing night routes.,https://www.getbus.org/on-demand/,35.3733,-119.0187,Supplemental CA/CO list
Burbank Bus Senior & Disabled,CA,Burbank,Urban,City of Burbank,Paratransit,In-house,Phone,Advance,$1.00,M-Su 7am-5pm,1995,City Funds,Active,17 vehicles (NTD agency total),Specialized paratransit.,https://www.burbankbus.org/,34.1808,-118.3089,Supplemental CA/CO list
Glendale Beeline Dial-A-Ride,CA,Glendale,Urban,City of Glendale,Paratransit,In-house,Phone,Advance,$1.50,M-F 8am-6pm,1990,City Funds,Active,41 vehicles (NTD agency total),Curb-to-curb service for seniors and disabled.,https://www.glendalebeeline.com/,34.1425,-118.255,Supplemental CA/CO list
Pasadena Dial-A-Ride,CA,Pasadena,Urban,City of Pasadena,Paratransit,In-house,Phone,Advance,$0.75,M-Su 7am-5pm,1989,City Funds,Active,33 vehicles (NTD agency total),Available for Pasadena residents 60+ or disabled.,https://www.cityofpasadena.net/,34.1477,-118.1445,Supplemental CA/CO list
Torrance Transit Dial-A-Ride,CA,Torrance,Suburban,Torrance Transit,Paratransit,In-house,Phone,Advance,$2.00,M-F 8am-5pm,1992,City Funds,Active,Not specified,Paratransit service.,https://transit.torranceca.gov/,33.8358,-118.3406,Supplemental CA/CO list
MODE,CA,Santa Monica,Urban,Big Blue Bus,Microtransit,Lyft/In-house,"App, Phone",Same-day / Advance,$1.50,M-Su 8am-6pm,2018,City Funds,Active,Not specified,Mobility On-Demand Every Day.,https://www.bigbluebus.com/mode,34.0194,-118.4911,Supplemental CA/CO list
Santa Clarita GO!,CA,Santa Clarita,Suburban,City of Santa Clarita,Microtransit,TripShot,"App, Phone",Same-day / Flexible,$2.00,M-F 6am-8pm,2022,City Funds,Active,Not specified,On-demand microtransit in Canyon Country.,https://santaclaritatransit.com/,34.3916,-118.5425,Supplemental CA/CO list
Visalia Dial-A-Ride,CA,Visalia,Mixed,Visalia Transit,Paratransit,In-house,Phone,Advance,$2.25,M-Su 6am-9pm,1985,City Funds,Active,38 vehicles (NTD agency total),"General public dial-a-ride after hours, plus ADA.",https://www.visaliatransit.com/,36.3302,-119.292,Supplemental CA/CO list
RYDE,CA,Saratoga / West Valley,Suburban,West Valley Community Services,Paratransit,In-house,"Phone, Web",Advance,Varies,M-F 8am-4pm,2017,VTA,Active,Not specified,Reach Your Destination Easily senior transit.,https://www.rydeseniors.org/,37.2638,-122.023,Supplemental CA/CO list
MTA Dial-A-Ride,CA,Ukiah,Rural,Mendocino Transit Authority,Paratransit,In-house,Phone,Advance,$3.00,M-F 7am-6pm,1998,LTF,Active,Not specified,Curb-to-curb service in Ukiah area.,https://mendocinotransit.org/,39.1501,-123.2077,Supplemental CA/CO list
Kern Transit Dial-A-Ride,CA,Kern County,Rural,Kern Transit,Paratransit,In-house,Phone,Advance,$2.00,M-Sa 7am-6pm,1990,TDA,Active,Not specified,"Serves Frazier Park, Kern River Valley, Mojave.",https://kerntransit.org/,35.3732,-119.0187,Supplemental CA/CO list
Ridgecrest Transit DAR,CA,Ridgecrest,Rural,Ridgecrest Transit,Paratransit,In-house,Phone,Advance,$1.50,M-F 6am-5pm,1996,City Funds,Active,5 vehicles (NTD agency total),Operated within Ridgecrest city limits.,https://ridgecrest-ca.gov/,35.6224,-117.6709,Supplemental CA/CO list
Taft Area Transit DAR,CA,Taft,Rural,City of Taft,Paratransit,In-house,Phone,Advance,$1.50,M-F 8am-5pm,1999,City Funds,Active,3 vehicles (NTD agency total),Paratransit and general public dial-a-ride.,https://www.cityoftaft.org/,35.1424,-119.4565,Supplemental CA/CO list
El Dorado Transit DAR,CA,Placerville,Rural,El Dorado Transit,Paratransit,In-house,Phone,Advance,$2.00,M-Su 7am-5pm,2001,TDA,Active,18 vehicles (NTD agency total),Dial-A-Ride serving Placerville and surrounding.,https://eldoradotransit.com/,38.7296,-120.7985,Supplemental CA/CO list
County Connection LINK,CA,Contra Costa County,Suburban,County Connection,Paratransit,In-house,Phone,Advance,$4.00,M-Su 6am-10pm,1992,Measure J,Active,Not specified,ADA Paratransit service.,https://countyconnection.com/,37.9753,-122.0435,Supplemental CA/CO list
Petaluma Paratransit,CA,Petaluma,Suburban,Petaluma Transit,Paratransit,In-house,Phone,Advance,$2.50,M-Su 7am-8pm,1995,City Funds,Active,13 vehicles (NTD agency total),Specialized door-to-door transit.,https://transit.cityofpetaluma.net/,38.2324,-122.6363,Supplemental CA/CO list
California City DAR,CA,California City,Rural,California City Transit,Paratransit,In-house,Phone,Advance,$1.50,M-F 7am-4pm,2000,City Funds,Active,2 vehicles (NTD agency total),General public shared-ride service.,https://www.californiacity-ca.gov/,35.1258,-117.9859,Supplemental CA/CO list
IVT Access,CA,Imperial County,Rural,Imperial Valley Transit,Paratransit,First Transit,Phone,Advance,$2.50,M-Su 6am-6pm,2004,LCTOP,Active,Not specified,Paratransit for the Imperial Valley.,https://www.ivtaccess.org/,32.7936,-115.564,Supplemental CA/CO list
ESTA Dial-A-Ride,CA,Mono & Inyo Counties,Rural,Eastern Sierra Transit,Paratransit,In-house,Phone,Same-day / Advance,$3.00,M-F 7am-6pm,2007,TDA,Active,37 vehicles (NTD agency total),"Available in Bishop, Mammoth Lakes, Lone Pine.",https://www.estransit.com/,37.6393,-118.9721,Supplemental CA/CO list
Tuolumne County DAR,CA,Sonora,Rural,Tuolumne County Transit,Paratransit,In-house,Phone,Advance,$3.00,M-F 6am-7pm,1998,State Grants,Active,Not specified,Door-to-door service in Tuolumne County.,https://tuolumnecountytransit.com/,37.9829,-120.3822,Supplemental CA/CO list
Calaveras Connect DAR,CA,Calaveras County,Rural,Calaveras Transit,Paratransit,In-house,Phone,Advance,$2.50,M-F 7am-5pm,2001,TDA,Active,11 vehicles (NTD agency total),Requires 24-hour advance reservation.,https://calaverasconnect.org/,38.196,-120.6805,Supplemental CA/CO list
Madera Dial-A-Ride,CA,Madera County,Mixed,Madera County Connection,Paratransit,In-house,Phone,Advance,$2.00,M-F 7am-6:30pm,1995,City Funds,Active,Not specified,Specialized transit for seniors/disabled.,https://www.maderacounty.com/,36.9613,-120.0607,Supplemental CA/CO list
Merced Microtransit,CA,Merced,Mixed,The Bus,Microtransit,Via,"App, Phone",Same-day / Flexible,$1.50,M-F 6am-8pm,2023,LCTOP,Active,Not specified,"Microtransit pilot to expand coverage. [NTD 2024: parent agency reported 703,378 total trips across all modes, 50 peak vehicles agency-wide; on-demand share is a subset]",https://www.mercedthebus.com/,37.3021,-120.4829,Supplemental CA/CO list
Plumas Transit DAR,CA,Plumas County,Rural,Plumas Transit Systems,Paratransit,In-house,Phone,Advance,$2.50,M-F 7am-5pm,1992,State Funds,Active,Not specified,Primarily serving Quincy and surrounding.,https://www.plumastransit.com/,39.9368,-120.9472,Supplemental CA/CO list
Lassen Rural Bus DAR,CA,Lassen County,Rural,Lassen Transit,Paratransit,In-house,Phone,Advance,$1.50,M-F 7am-6pm,1990,TDA,Active,5 vehicles (NTD agency total),Serves Susanville and rural Lassen County.,https://lassentransportation.com/,40.4162,-120.653,Supplemental CA/CO list
Yuba-Sutter Dial-A-Ride,CA,Yuba City,Suburban,Yuba-Sutter Transit,Paratransit,In-house,Phone,Same-day / Advance,$3.00,M-Sa 6:30am-6:30pm,1989,City Funds,Active,Not specified,"Serves Yuba City, Marysville, Olivehurst.",https://www.yubasuttertransit.com/,39.1404,-121.6169,Supplemental CA/CO list
TTD Demand Response,CA,South Lake Tahoe,Rural,Tahoe Transportation District,Paratransit,In-house,Phone,Advance,$3.00,M-Su 7am-7pm,2010,State Grants,Active,Not specified,Specialized door-to-door transit for the basin.,https://www.tahoetransportation.org/,38.9399,-119.9771,Supplemental CA/CO list
Amador Transit DAR,CA,Amador County,Rural,Amador Transit,Paratransit,In-house,Phone,Advance,$2.00,M-F 6am-6pm,1997,TDA,Active,18 vehicles (NTD agency total),Curb-to-curb service for the elderly and disabled.,https://amadortransit.com/,38.3488,-120.774,Supplemental CA/CO list
Culver CityBus DAR,CA,Culver City,Urban,Culver CityBus,Paratransit,In-house,Phone,Advance,$1.00,M-F 8am-5pm,1995,City Funds,Active,42 vehicles (NTD agency total),Paratransit service for disabled individuals.,https://www.culvercitybus.com/,34.0211,-118.3964,Supplemental CA/CO list
GTrans Dial-A-Ride,CA,Gardena,Urban,GTrans,Paratransit,In-house,Phone,Advance,$0.75,M-Su 7am-6pm,1990,City Funds,Active,30 vehicles (NTD agency total),Special Needs transportation program.,https://ridegtrans.com/,33.8883,-118.3089,Supplemental CA/CO list
Dixon Readi-Ride,CA,Dixon,Rural,City of Dixon,Paratransit,In-house,Phone,Advance,$2.50,M-F 7am-5pm,1983,TDA,Active,10 vehicles (NTD agency total),City-wide general public dial-a-ride.,https://www.cityofdixon.us/ReadiRide,38.4455,-121.8233,Supplemental CA/CO list
LADOT Cityride,CA,Los Angeles,Urban,LADOT,Paratransit,In-house,Phone,Advance,Varies,M-F 7am-5pm,1993,Prop A,Active,Not specified,Reduced cost transportation for seniors and disabled in LA.,https://www.ladottransit.com/cityride,34.0522,-118.2437,Supplemental CA/CO list
Roseville Transit Dial-A-Ride,CA,Roseville,Suburban,City of Roseville,Paratransit,In-house,Phone,Advance,$2.50,M-Su 8am-5pm,1990,TDA,Active,24 vehicles (NTD agency total),General public and ADA service.,https://www.roseville.ca.us/transit,38.7521,-121.288,Supplemental CA/CO list
Long Beach Transit Dial-A-Ride,CA,Long Beach,Urban,Long Beach Transit,Paratransit,First Transit,Phone,Advance,$2.00,M-Su 6am-11pm,1995,City Funds,Active,Not specified,Specialized Paratransit service for ADA eligible riders.,https://ridelbt.com/dial-a-ride/,33.7701,-118.1937,Supplemental CA/CO list
Tracer Dial-A-Ride,CA,Tracy,Suburban,City of Tracy,Paratransit,In-house,Phone,Advance,$1.25,M-Sa 7am-7pm,1998,TDA,Active,15 vehicles (NTD agency total),Door-to-door transit for ADA and seniors.,https://www.ridetracer.com/,37.7397,-121.4252,Supplemental CA/CO list
Lodi Transit Dial-A-Ride,CA,Lodi,Suburban,City of Lodi,Paratransit,In-house,Phone,Advance,$2.50,M-F 6am-7pm,1995,TDA,Active,13 vehicles (NTD agency total),General public and ADA dial-a-ride.,https://www.lodi.gov/Transit,38.1341,-121.2722,Supplemental CA/CO list
B-Line Paratransit,CA,Butte County,Rural,Butte Regional Transit,Paratransit,In-house,Phone,Advance,$2.50,M-Sa 6am-10pm,1990,State Grants,Active,37 vehicles (NTD agency total),"Serving Chico, Oroville, and Paradise.",http://www.blinetransit.com/,39.7285,-121.8375,Supplemental CA/CO list
Corona Cruiser Dial-A-Ride,CA,Corona,Suburban,City of Corona,Paratransit,In-house,Phone,Advance,$2.00,M-F 7am-7pm,2000,City Funds,Active,11 vehicles (NTD agency total),Curb-to-curb service for seniors and disabled.,https://www.coronaca.gov/government/departments/transportation/corona-cruiser,33.8753,-117.5664,Supplemental CA/CO list
Morro Bay Call-A-Ride,CA,Morro Bay,Rural,City of Morro Bay,Demand-Response,In-house,Phone,Advance,$2.00,M-F 8am-5pm,1990,TDA,Active,Not specified,Curb-to-curb within Morro Bay city limits.,https://www.morro-bay.ca.us/377/Transit,35.3658,-120.8499,Supplemental CA/CO list
Cerritos Dial-A-Ride,CA,Cerritos,Suburban,City of Cerritos,Paratransit,In-house,Phone,Advance,$1.00,M-Su 7am-6pm,1992,City Funds,Active,16 vehicles (NTD agency total),Seniors and disabled residents only.,https://www.cerritos.us/RESIDENTS/transportation/dial_a_ride.php,33.8645,-118.0536,Supplemental CA/CO list
Escalon eRide,CA,Escalon,Rural,City of Escalon,Demand-Response,In-house,Phone,Advance,$1.50,M-F 8am-5pm,2005,TDA,Active,4 vehicles (NTD agency total),Door-to-door public transit in Escalon.,https://www.cityofescalon.org/,37.7974,-120.9966,Supplemental CA/CO list
Palo Alto Link,CA,Palo Alto,Suburban,City of Palo Alto,Microtransit,Via,"App, Phone",Same-day / Flexible,$3.50,M-F 8am-6pm,2023,City Funds,Active,Not specified,Rideshare service replacing previous shuttles.,https://www.cityofpaloalto.org/,37.4419,-122.143,Supplemental CA/CO list
City Coach DAR,CA,Vacaville,Suburban,City of Vacaville,Paratransit,In-house,Phone,Advance,$2.00,M-Sa 7am-6pm,1985,TDA,Active,17 vehicles (NTD agency total),Specialized paratransit service.,https://www.cityofvacaville.com/,38.3566,-121.9877,Supplemental CA/CO list
Delta Breeze DAR,CA,Rio Vista,Rural,City of Rio Vista,Paratransit,In-house,Phone,Advance,$2.00,M-F 8am-5pm,1995,TDA,Active,2 vehicles (NTD agency total),Deviated fixed-route and DAR.,https://www.riovistacity.com/,38.1557,-121.6913,Supplemental CA/CO list
Simi Valley DAR,CA,Simi Valley,Suburban,City of Simi Valley,Paratransit,In-house,Phone,Advance,$2.00,M-Su 6am-8pm,1990,City Funds,Active,17 vehicles (NTD agency total),ADA and senior transit.,https://www.simivalley.org/,34.2694,-118.7815,Supplemental CA/CO list
Thousand Oaks DAR,CA,Thousand Oaks,Suburban,City of Thousand Oaks,Paratransit,In-house,Phone,Advance,$3.00,M-Su 6am-8pm,1992,City Funds,Active,21 vehicles (NTD agency total),Senior and ADA transit.,https://www.toaks.org/,34.1706,-118.8376,Supplemental CA/CO list
Lake Link,CA,South Lake Tahoe,Rural,South Shore TMA,Microtransit,Civic Mobility,App,Same-day / Flexible,Free,M-Su 7am-9pm,2022,Public/Private Grants,Active,Not specified,App-based microtransit shuttle connecting the South Shore.,https://tahoelakelink.com/,38.9399,-119.9771,Supplemental CA/CO list
Bellflower Dial-A-Ride,CA,Bellflower,Suburban,City of Bellflower,Paratransit,In-house,Phone,Advance,$0.50,M-F 8:30am-5pm,1990,City Funds,Active,10 vehicles (NTD agency total),Curb-to-curb service for seniors and disabled.,https://www.bellflower.org/,33.8816,-118.117,Supplemental CA/CO list
Paramount Dial-A-Ride,CA,Paramount,Suburban,City of Paramount,Paratransit,In-house,Phone,Advance,Free,M-F 8am-5pm,1992,City Funds,Active,Not specified,Seniors and ADA accessible DAR.,https://www.paramountcity.com/,33.8894,-118.1597,Supplemental CA/CO list
Manteca Transit DAR,CA,Manteca,Suburban,City of Manteca,Paratransit,In-house,Phone,Advance,$1.50,M-Sa 6am-7pm,1998,TDA,Active,6 vehicles (NTD agency total),General public and ADA dial-a-ride.,https://www.manteca.gov/,37.7974,-121.216,Supplemental CA/CO list
Lompoc Transit DAR,CA,Lompoc,Suburban,City of Lompoc,Paratransit,In-house,Phone,Advance,$2.00,M-F 6am-7pm,1995,City Funds,Active,10 vehicles (NTD agency total),Paratransit service operating within city limits.,https://www.cityoflompoc.com/,34.6391,-120.4579,Supplemental CA/CO list
Barstow Area Transit DAR,CA,Barstow,Rural,City of Barstow,Paratransit,In-house,Phone,Advance,$2.00,M-F 7am-6pm,1990,TDA,Active,Not specified,Curb-to-curb for seniors and disabled.,https://www.barstowca.org/,34.8957,-117.0172,Supplemental CA/CO list
San Clemente Dial-A-Ride,CA,San Clemente,Suburban,City of San Clemente,Paratransit,In-house,Phone,Advance,$2.00,M-F 8am-5pm,1996,City Funds,Active,Not specified,Local demand-response transit for seniors and disabled.,https://www.san-clemente.org/,33.4269,-117.6119,Supplemental CA/CO list
Norwalk Dial-A-Ride,CA,Norwalk,Suburban,Norwalk Transit,Paratransit,In-house,Phone,Advance,$1.00,M-Su 7am-7pm,1990,City Funds,Active,31 vehicles (NTD agency total),Paratransit and senior demand-response.,https://www.norwalk.org/,33.9022,-118.0817,Supplemental CA/CO list
Woodland Transit DAR,CA,Woodland,Suburban,Yolobus,Paratransit,In-house,Phone,Advance,$2.00,M-Sa 7am-6pm,1995,TDA,Active,Not specified,General public and ADA dial-a-ride in Woodland.,https://yolobus.com/,38.6786,-121.7733,Supplemental CA/CO list
Davis Dial-A-Ride,CA,Davis,Suburban,Davis Community Transit,Paratransit,In-house,Phone,Advance,$2.50,M-F 7am-6pm,1990,City Funds,Active,3 vehicles (NTD agency total),Specialized transit for seniors and disabled.,https://www.cityofdavis.org/,38.5449,-121.7405,Supplemental CA/CO list
Porterville Dial-A-Ride,CA,Porterville,Rural,Porterville Transit,Paratransit,In-house,Phone,Advance,$1.50,M-Su 6am-10pm,1998,TDA,Active,11 vehicles (NTD agency total),Curb-to-curb service for ADA and seniors.,https://www.ci.porterville.ca.us/,36.0652,-119.0168,Supplemental CA/CO list
Redondo Beach Dial-A-Ride,CA,Redondo Beach,Suburban,Beach Cities Transit,Paratransit,In-house,Phone,Advance,$1.00,M-Su 7am-6pm,1996,Prop A,Active,18 vehicles (NTD agency total),Demand response for seniors 62+ and disabled.,https://www.redondo.org/,33.8492,-118.3884,Supplemental CA/CO list
Compton Dial-A-Ride,CA,Compton,Urban,Compton Renaissance Transit,Paratransit,In-house,Phone,Advance,$0.50,M-F 8am-5pm,1995,City Funds,Active,7 vehicles (NTD agency total),Affordable senior and disabled demand-response.,https://www.comptoncity.org/,33.8958,-118.2201,Supplemental CA/CO list
TRAX Dial-A-Ride,CA,Tehama County,Rural,Tehama Rural Area Express,Paratransit,In-house,Phone,Advance,$2.50,M-F 7am-5pm,1992,State Grants,Active,Not specified,County-wide demand response service.,https://www.taketrax.com/,40.1785,-122.2358,Supplemental CA/CO list
Monterey Park Dial-A-Ride,CA,Monterey Park,Suburban,Spirit Bus,Paratransit,In-house,Phone,Advance,$0.50,M-F 8am-5pm,1990,Prop A,Active,12 vehicles (NTD agency total),Curb-to-curb for eligible Monterey Park residents.,https://www.montereypark.ca.gov/,34.0625,-118.1228,Supplemental CA/CO list
